MA_PDK,MA_TS,SOLANGIAHAN,SOBAODANH,MA_PHONG,MA_LICH
DK0001,TS0001,0,BD0001,PT0003,LT0001
DK0002,TS0002,0,BD0002,PT0003,LT0001
DK0003,TS0003,0,BD0003,PT0003,LT0001
DK0004,TS0004,0,BD0004,PT0003,LT0001
DK0005,TS0005,0,BD0005,PT0003,LT0001
DK0006,TS0006,0,BD0006,PT0003,LT0001
DK0007,TS0007,0,BD0007,PT0003,LT0001
DK0008,TS0008,0,BD0008,PT0003,LT0001
DK0009,TS0009,0,BD0009,PT0003,LT0001
DK0010,TS0010,0,BD0010,PT0003,LT0001
DK0011,TS0011,0,BD0011,PT0003,LT0001
DK0012,TS0012,0,BD0012,PT0003,LT0001
DK0013,TS0013,0,BD0013,PT0003,LT0001
DK0014,TS0014,0,BD0014,PT0003,LT0001
DK0015,TS0015,0,BD0015,PT0003,LT0001
DK0016,TS0016,0,BD0016,PT0003,LT0001
DK0017,TS0017,0,BD0017,PT0003,LT0001
DK0018,TS0018,0,BD0018,PT0003,LT0001
DK0019,TS0019,0,BD0019,PT0003,LT0001
DK0020,TS0020,0,BD0020,PT0003,LT0001
DK0021,TS0021,0,BD0021,PT0003,LT0001
DK0022,TS0022,0,BD0022,PT0003,LT0001
DK0023,TS0023,0,BD0023,PT0003,LT0001
DK0024,TS0024,0,BD0024,PT0003,LT0001
DK0025,TS0025,0,BD0025,PT0003,LT0001
DK0026,TS0026,0,BD0026,PT0003,LT0001
DK0027,TS0027,0,BD0027,PT0003,LT0001
DK0028,TS0028,0,BD0028,PT0003,LT0001
DK0029,TS0029,0,BD0029,PT0003,LT0001
DK0030,TS0030,0,BD0030,PT0003,LT0001
DK0031,TS0031,0,BD0031,PT0003,LT0001
DK0032,TS0032,0,BD0032,PT0003,LT0001
DK0033,TS0033,0,BD0033,PT0003,LT0001
DK0034,TS0034,0,BD0034,PT0003,LT0001
DK0035,TS0035,0,BD0035,PT0003,LT0001
DK0036,TS0036,0,BD0036,PT0003,LT0001
DK0037,TS0037,0,BD0037,PT0003,LT0001
DK0038,TS0038,0,BD0038,PT0003,LT0001
DK0039,TS0039,0,BD0039,PT0003,LT0001
DK0040,TS0040,0,BD0040,PT0003,LT0001
DK0041,TS0041,0,BD0041,PT0003,LT0001
DK0042,TS0042,0,BD0042,PT0003,LT0001
DK0043,TS0043,0,BD0043,PT0003,LT0001
DK0044,TS0044,0,BD0044,PT0003,LT0001
DK0045,TS0045,0,BD0045,PT0003,LT0001
DK0046,TS0046,0,BD0046,PT0003,LT0001
DK0047,TS0047,0,BD0047,PT0003,LT0001
DK0048,TS0048,0,BD0048,PT0003,LT0001
DK0049,TS0049,0,BD0049,PT0003,LT0001
DK0050,TS0050,0,BD0050,PT0003,LT0001
DK0051,TS0051,0,BD0051,PT0007,LT0001
DK0052,TS0052,0,BD0052,PT0007,LT0001
DK0053,TS0053,0,BD0053,PT0007,LT0001
DK0054,TS0054,0,BD0054,PT0007,LT0001
DK0055,TS0055,0,BD0055,PT0007,LT0001
DK0056,TS0056,0,BD0056,PT0007,LT0001
DK0057,TS0057,0,BD0057,PT0007,LT0001
DK0058,TS0058,0,BD0058,PT0007,LT0001
DK0059,TS0059,0,BD0059,PT0007,LT0001
DK0060,TS0060,0,BD0060,PT0007,LT0001
DK0061,TS0061,0,BD0061,PT0007,LT0001
DK0062,TS0062,0,BD0062,PT0007,LT0001
DK0063,TS0063,0,BD0063,PT0007,LT0001
DK0064,TS0064,0,BD0064,PT0007,LT0001
DK0065,TS0065,0,BD0065,PT0007,LT0001
DK0066,TS0066,0,BD0066,PT0007,LT0001
DK0067,TS0067,0,BD0067,PT0007,LT0001
DK0068,TS0068,0,BD0068,PT0007,LT0001
DK0069,TS0069,0,BD0069,PT0007,LT0001
DK0070,TS0070,0,BD0070,PT0007,LT0001
DK0071,TS0071,0,BD0071,PT0007,LT0001
DK0072,TS0072,0,BD0072,PT0007,LT0001
DK0073,TS0073,0,BD0073,PT0007,LT0001
DK0074,TS0074,0,BD0074,PT0007,LT0001
DK0075,TS0075,0,BD0075,PT0007,LT0001
DK0076,TS0076,0,BD0076,PT0007,LT0001
DK0077,TS0077,0,BD0077,PT0007,LT0001
DK0078,TS0078,0,BD0078,PT0007,LT0001
DK0079,TS0079,0,BD0079,PT0007,LT0001
DK0080,TS0080,0,BD0080,PT0007,LT0001
DK0081,TS0081,0,BD0081,PT0007,LT0001
DK0082,TS0082,0,BD0082,PT0007,LT0001
DK0083,TS0083,0,BD0083,PT0007,LT0001
DK0084,TS0084,0,BD0084,PT0007,LT0001
DK0085,TS0085,0,BD0085,PT0007,LT0001
DK0086,TS0086,0,BD0086,PT0007,LT0001
DK0087,TS0087,0,BD0087,PT0007,LT0001
DK0088,TS0088,0,BD0088,PT0007,LT0001
DK0089,TS0089,0,BD0089,PT0007,LT0001
DK0090,TS0090,0,BD0090,PT0007,LT0001
DK0091,TS0091,0,BD0091,PT0007,LT0001
DK0092,TS0092,0,BD0092,PT0007,LT0001
DK0093,TS0093,0,BD0093,PT0007,LT0001
DK0094,TS0094,0,BD0094,PT0007,LT0001
DK0095,TS0095,0,BD0095,PT0007,LT0001
DK0096,TS0096,0,BD0096,PT0007,LT0001
DK0097,TS0097,0,BD0097,PT0007,LT0001
DK0098,TS0098,0,BD0098,PT0007,LT0001
DK0099,TS0099,0,BD0099,PT0007,LT0001
DK0100,TS0100,0,BD0100,PT0007,LT0001
DK0101,TS0101,0,BD0101,PT0004,LT0001
DK0102,TS0102,0,BD0102,PT0004,LT0001
DK0103,TS0103,0,BD0103,PT0004,LT0001
DK0104,TS0104,0,BD0104,PT0004,LT0001
DK0105,TS0105,0,BD0105,PT0004,LT0001
DK0106,TS0106,0,BD0106,PT0004,LT0001
DK0107,TS0107,0,BD0107,PT0004,LT0001
DK0108,TS0108,0,BD0108,PT0004,LT0001
DK0109,TS0109,0,BD0109,PT0004,LT0001
DK0110,TS0110,0,BD0110,PT0004,LT0001
DK0111,TS0111,0,BD0111,PT0004,LT0001
DK0112,TS0112,0,BD0112,PT0004,LT0001
DK0113,TS0113,0,BD0113,PT0004,LT0001
DK0114,TS0114,0,BD0114,PT0004,LT0001
DK0115,TS0115,0,BD0115,PT0004,LT0001
DK0116,TS0116,0,BD0116,PT0004,LT0001
DK0117,TS0117,0,BD0117,PT0004,LT0001
DK0118,TS0118,0,BD0118,PT0004,LT0001
DK0119,TS0119,0,BD0119,PT0004,LT0001
DK0120,TS0120,0,BD0120,PT0004,LT0001
DK0121,TS0121,0,BD0121,PT0004,LT0001
DK0122,TS0122,0,BD0122,PT0004,LT0001
DK0123,TS0123,0,BD0123,PT0004,LT0001
DK0124,TS0124,0,BD0124,PT0004,LT0001
DK0125,TS0125,0,BD0125,PT0004,LT0001
DK0126,TS0126,0,BD0126,PT0004,LT0001
DK0127,TS0127,0,BD0127,PT0004,LT0001
DK0128,TS0128,0,BD0128,PT0004,LT0001
DK0129,TS0129,0,BD0129,PT0004,LT0001
DK0130,TS0130,0,BD0130,PT0004,LT0001
DK0131,TS0131,0,BD0131,PT0004,LT0001
DK0132,TS0132,0,BD0132,PT0004,LT0001
DK0133,TS0133,0,BD0133,PT0004,LT0001
DK0134,TS0134,0,BD0134,PT0004,LT0001
DK0135,TS0135,0,BD0135,PT0004,LT0001
DK0136,TS0136,0,BD0136,PT0004,LT0001
DK0137,TS0137,0,BD0137,PT0004,LT0001
DK0138,TS0138,0,BD0138,PT0004,LT0001
DK0139,TS0139,0,BD0139,PT0004,LT0001
DK0140,TS0140,0,BD0140,PT0004,LT0001
DK0141,TS0141,0,BD0141,PT0004,LT0001
DK0142,TS0142,0,BD0142,PT0004,LT0001
DK0143,TS0143,0,BD0143,PT0004,LT0001
DK0144,TS0144,0,BD0144,PT0004,LT0001
DK0145,TS0145,0,BD0145,PT0004,LT0001
DK0146,TS0146,0,BD0146,PT0004,LT0001
DK0147,TS0147,0,BD0147,PT0004,LT0001
DK0148,TS0148,0,BD0148,PT0004,LT0001
DK0149,TS0149,0,BD0149,PT0004,LT0001
DK0150,TS0150,0,BD0150,PT0004,LT0001
DK0151,TS0151,0,BD0151,PT0004,LT0002
DK0152,TS0152,0,BD0152,PT0004,LT0002
DK0153,TS0153,0,BD0153,PT0004,LT0002
DK0154,TS0154,0,BD0154,PT0004,LT0002
DK0155,TS0155,0,BD0155,PT0004,LT0002
DK0156,TS0156,0,BD0156,PT0004,LT0002
DK0157,TS0157,0,BD0157,PT0004,LT0002
DK0158,TS0158,0,BD0158,PT0004,LT0002
DK0159,TS0159,0,BD0159,PT0004,LT0002
DK0160,TS0160,0,BD0160,PT0004,LT0002
DK0161,TS0161,0,BD0161,PT0004,LT0002
DK0162,TS0162,0,BD0162,PT0004,LT0002
DK0163,TS0163,0,BD0163,PT0004,LT0002
DK0164,TS0164,0,BD0164,PT0004,LT0002
DK0165,TS0165,0,BD0165,PT0004,LT0002
DK0166,TS0166,0,BD0166,PT0004,LT0002
DK0167,TS0167,0,BD0167,PT0004,LT0002
DK0168,TS0168,0,BD0168,PT0004,LT0002
DK0169,TS0169,0,BD0169,PT0004,LT0002
DK0170,TS0170,0,BD0170,PT0004,LT0002
DK0171,TS0171,0,BD0171,PT0004,LT0002
DK0172,TS0172,0,BD0172,PT0004,LT0002
DK0173,TS0173,0,BD0173,PT0004,LT0002
DK0174,TS0174,0,BD0174,PT0004,LT0002
DK0175,TS0175,0,BD0175,PT0004,LT0002
DK0176,TS0176,0,BD0176,PT0004,LT0002
DK0177,TS0177,0,BD0177,PT0004,LT0002
DK0178,TS0178,0,BD0178,PT0004,LT0002
DK0179,TS0179,0,BD0179,PT0004,LT0002
DK0180,TS0180,0,BD0180,PT0004,LT0002
DK0181,TS0181,0,BD0181,PT0004,LT0002
DK0182,TS0182,0,BD0182,PT0004,LT0002
DK0183,TS0183,0,BD0183,PT0004,LT0002
DK0184,TS0184,0,BD0184,PT0004,LT0002
DK0185,TS0185,0,BD0185,PT0004,LT0002
DK0186,TS0186,0,BD0186,PT0004,LT0002
DK0187,TS0187,0,BD0187,PT0004,LT0002
DK0188,TS0188,0,BD0188,PT0004,LT0002
DK0189,TS0189,0,BD0189,PT0004,LT0002
DK0190,TS0190,0,BD0190,PT0004,LT0002
DK0191,TS0191,0,BD0191,PT0004,LT0002
DK0192,TS0192,0,BD0192,PT0004,LT0002
DK0193,TS0193,0,BD0193,PT0004,LT0002
DK0194,TS0194,0,BD0194,PT0004,LT0002
DK0195,TS0195,0,BD0195,PT0004,LT0002
DK0196,TS0196,0,BD0196,PT0004,LT0002
DK0197,TS0197,0,BD0197,PT0004,LT0002
DK0198,TS0198,0,BD0198,PT0004,LT0002
DK0199,TS0199,0,BD0199,PT0004,LT0002
DK0200,TS0200,0,BD0200,PT0004,LT0002
DK0201,TS0201,0,BD0201,PT0005,LT0003
DK0202,TS0202,0,BD0202,PT0005,LT0003
DK0203,TS0203,0,BD0203,PT0005,LT0003
DK0204,TS0204,0,BD0204,PT0005,LT0003
DK0205,TS0205,0,BD0205,PT0005,LT0003
DK0206,TS0206,0,BD0206,PT0005,LT0003
DK0207,TS0207,0,BD0207,PT0005,LT0003
DK0208,TS0208,0,BD0208,PT0005,LT0003
DK0209,TS0209,0,BD0209,PT0005,LT0003
DK0210,TS0210,0,BD0210,PT0005,LT0003
DK0211,TS0211,0,BD0211,PT0005,LT0003
DK0212,TS0212,0,BD0212,PT0005,LT0003
DK0213,TS0213,0,BD0213,PT0005,LT0003
DK0214,TS0214,0,BD0214,PT0005,LT0003
DK0215,TS0215,0,BD0215,PT0005,LT0003
DK0216,TS0216,0,BD0216,PT0005,LT0003
DK0217,TS0217,0,BD0217,PT0005,LT0003
DK0218,TS0218,0,BD0218,PT0005,LT0003
DK0219,TS0219,0,BD0219,PT0005,LT0003
DK0220,TS0220,0,BD0220,PT0005,LT0003
DK0221,TS0221,0,BD0221,PT0005,LT0003
DK0222,TS0222,0,BD0222,PT0005,LT0003
DK0223,TS0223,0,BD0223,PT0005,LT0003
DK0224,TS0224,0,BD0224,PT0005,LT0003
DK0225,TS0225,0,BD0225,PT0005,LT0003
DK0226,TS0226,0,BD0226,PT0005,LT0003
DK0227,TS0227,0,BD0227,PT0005,LT0003
DK0228,TS0228,0,BD0228,PT0005,LT0003
DK0229,TS0229,0,BD0229,PT0005,LT0003
DK0230,TS0230,0,BD0230,PT0005,LT0003
DK0231,TS0231,0,BD0231,PT0005,LT0003
DK0232,TS0232,0,BD0232,PT0005,LT0003
DK0233,TS0233,0,BD0233,PT0005,LT0003
DK0234,TS0234,0,BD0234,PT0005,LT0003
DK0235,TS0235,0,BD0235,PT0005,LT0003
DK0236,TS0236,0,BD0236,PT0005,LT0003
DK0237,TS0237,0,BD0237,PT0005,LT0003
DK0238,TS0238,0,BD0238,PT0005,LT0003
DK0239,TS0239,0,BD0239,PT0005,LT0003
DK0240,TS0240,0,BD0240,PT0005,LT0003
DK0241,TS0241,0,BD0241,PT0005,LT0003
DK0242,TS0242,0,BD0242,PT0005,LT0003
DK0243,TS0243,0,BD0243,PT0005,LT0003
DK0244,TS0244,0,BD0244,PT0005,LT0003
DK0245,TS0245,0,BD0245,PT0005,LT0003
DK0246,TS0246,0,BD0246,PT0005,LT0003
DK0247,TS0247,0,BD0247,PT0005,LT0003
DK0248,TS0248,0,BD0248,PT0005,LT0003
DK0249,TS0249,0,BD0249,PT0005,LT0003
DK0250,TS0250,0,BD0250,PT0005,LT0003
DK0251,TS0251,0,BD0251,PT0007,LT0004
DK0252,TS0252,0,BD0252,PT0007,LT0004
DK0253,TS0253,0,BD0253,PT0007,LT0004
DK0254,TS0254,0,BD0254,PT0007,LT0004
DK0255,TS0255,0,BD0255,PT0007,LT0004
DK0256,TS0256,0,BD0256,PT0007,LT0004
DK0257,TS0257,0,BD0257,PT0007,LT0004
DK0258,TS0258,0,BD0258,PT0007,LT0004
DK0259,TS0259,0,BD0259,PT0007,LT0004
DK0260,TS0260,0,BD0260,PT0007,LT0004
DK0261,TS0261,0,BD0261,PT0007,LT0004
DK0262,TS0262,0,BD0262,PT0007,LT0004
DK0263,TS0263,0,BD0263,PT0007,LT0004
DK0264,TS0264,0,BD0264,PT0007,LT0004
DK0265,TS0265,0,BD0265,PT0007,LT0004
DK0266,TS0266,0,BD0266,PT0007,LT0004
DK0267,TS0267,0,BD0267,PT0007,LT0004
DK0268,TS0268,0,BD0268,PT0007,LT0004
DK0269,TS0269,0,BD0269,PT0007,LT0004
DK0270,TS0270,0,BD0270,PT0007,LT0004
DK0271,TS0271,0,BD0271,PT0007,LT0004
DK0272,TS0272,0,BD0272,PT0007,LT0004
DK0273,TS0273,0,BD0273,PT0007,LT0004
DK0274,TS0274,0,BD0274,PT0007,LT0004
DK0275,TS0275,0,BD0275,PT0007,LT0004
DK0276,TS0276,0,BD0276,PT0007,LT0004
DK0277,TS0277,0,BD0277,PT0007,LT0004
DK0278,TS0278,0,BD0278,PT0007,LT0004
DK0279,TS0279,0,BD0279,PT0007,LT0004
DK0280,TS0280,0,BD0280,PT0007,LT0004
DK0281,TS0281,0,BD0281,PT0007,LT0004
DK0282,TS0282,0,BD0282,PT0007,LT0004
DK0283,TS0283,0,BD0283,PT0007,LT0004
DK0284,TS0284,0,BD0284,PT0007,LT0004
DK0285,TS0285,0,BD0285,PT0007,LT0004
DK0286,TS0286,0,BD0286,PT0007,LT0004
DK0287,TS0287,0,BD0287,PT0007,LT0004
DK0288,TS0288,0,BD0288,PT0007,LT0004
DK0289,TS0289,0,BD0289,PT0007,LT0004
DK0290,TS0290,0,BD0290,PT0007,LT0004
DK0291,TS0291,0,BD0291,PT0007,LT0004
DK0292,TS0292,0,BD0292,PT0007,LT0004
DK0293,TS0293,0,BD0293,PT0007,LT0004
DK0294,TS0294,0,BD0294,PT0007,LT0004
DK0295,TS0295,0,BD0295,PT0007,LT0004
DK0296,TS0296,0,BD0296,PT0007,LT0004
DK0297,TS0297,0,BD0297,PT0007,LT0004
DK0298,TS0298,0,BD0298,PT0007,LT0004
DK0299,TS0299,0,BD0299,PT0007,LT0004
DK0300,TS0300,0,BD0300,PT0007,LT0004
DK0301,TS0301,0,BD0301,PT0008,LT0004
DK0302,TS0302,0,BD0302,PT0008,LT0004
DK0303,TS0303,0,BD0303,PT0008,LT0004
DK0304,TS0304,0,BD0304,PT0008,LT0004
DK0305,TS0305,0,BD0305,PT0008,LT0004
DK0306,TS0306,0,BD0306,PT0008,LT0004
DK0307,TS0307,0,BD0307,PT0008,LT0004
DK0308,TS0308,0,BD0308,PT0008,LT0004
DK0309,TS0309,0,BD0309,PT0008,LT0004
DK0310,TS0310,0,BD0310,PT0008,LT0004
DK0311,TS0311,0,BD0311,PT0008,LT0004
DK0312,TS0312,0,BD0312,PT0008,LT0004
DK0313,TS0313,0,BD0313,PT0008,LT0004
DK0314,TS0314,0,BD0314,PT0008,LT0004
DK0315,TS0315,0,BD0315,PT0008,LT0004
DK0316,TS0316,0,BD0316,PT0008,LT0004
DK0317,TS0317,0,BD0317,PT0008,LT0004
DK0318,TS0318,0,BD0318,PT0008,LT0004
DK0319,TS0319,0,BD0319,PT0008,LT0004
DK0320,TS0320,0,BD0320,PT0008,LT0004
DK0321,TS0321,0,BD0321,PT0008,LT0004
DK0322,TS0322,0,BD0322,PT0008,LT0004
DK0323,TS0323,0,BD0323,PT0008,LT0004
DK0324,TS0324,0,BD0324,PT0008,LT0004
DK0325,TS0325,0,BD0325,PT0008,LT0004
DK0326,TS0326,0,BD0326,PT0008,LT0004
DK0327,TS0327,0,BD0327,PT0008,LT0004
DK0328,TS0328,0,BD0328,PT0008,LT0004
DK0329,TS0329,0,BD0329,PT0008,LT0004
DK0330,TS0330,0,BD0330,PT0008,LT0004
DK0331,TS0331,0,BD0331,PT0008,LT0004
DK0332,TS0332,0,BD0332,PT0008,LT0004
DK0333,TS0333,0,BD0333,PT0008,LT0004
DK0334,TS0334,0,BD0334,PT0008,LT0004
DK0335,TS0335,0,BD0335,PT0008,LT0004
DK0336,TS0336,0,BD0336,PT0008,LT0004
DK0337,TS0337,0,BD0337,PT0008,LT0004
DK0338,TS0338,0,BD0338,PT0008,LT0004
DK0339,TS0339,0,BD0339,PT0008,LT0004
DK0340,TS0340,0,BD0340,PT0008,LT0004
DK0341,TS0341,0,BD0341,PT0008,LT0004
DK0342,TS0342,0,BD0342,PT0008,LT0004
DK0343,TS0343,0,BD0343,PT0008,LT0004
DK0344,TS0344,0,BD0344,PT0008,LT0004
DK0345,TS0345,0,BD0345,PT0008,LT0004
DK0346,TS0346,0,BD0346,PT0008,LT0004
DK0347,TS0347,0,BD0347,PT0008,LT0004
DK0348,TS0348,0,BD0348,PT0008,LT0004
DK0349,TS0349,0,BD0349,PT0008,LT0004
DK0350,TS0350,0,BD0350,PT0008,LT0004
DK0351,TS0351,0,BD0351,PT0005,LT0004
DK0352,TS0352,0,BD0352,PT0005,LT0004
DK0353,TS0353,0,BD0353,PT0005,LT0004
DK0354,TS0354,0,BD0354,PT0005,LT0004
DK0355,TS0355,0,BD0355,PT0005,LT0004
DK0356,TS0356,0,BD0356,PT0005,LT0004
DK0357,TS0357,0,BD0357,PT0005,LT0004
DK0358,TS0358,0,BD0358,PT0005,LT0004
DK0359,TS0359,0,BD0359,PT0005,LT0004
DK0360,TS0360,0,BD0360,PT0005,LT0004
DK0361,TS0361,0,BD0361,PT0005,LT0004
DK0362,TS0362,0,BD0362,PT0005,LT0004
DK0363,TS0363,0,BD0363,PT0005,LT0004
DK0364,TS0364,0,BD0364,PT0005,LT0004
DK0365,TS0365,0,BD0365,PT0005,LT0004
DK0366,TS0366,0,BD0366,PT0005,LT0004
DK0367,TS0367,0,BD0367,PT0005,LT0004
DK0368,TS0368,0,BD0368,PT0005,LT0004
DK0369,TS0369,0,BD0369,PT0005,LT0004
DK0370,TS0370,0,BD0370,PT0005,LT0004
DK0371,TS0371,0,BD0371,PT0005,LT0004
DK0372,TS0372,0,BD0372,PT0005,LT0004
DK0373,TS0373,0,BD0373,PT0005,LT0004
DK0374,TS0374,0,BD0374,PT0005,LT0004
DK0375,TS0375,0,BD0375,PT0005,LT0004
DK0376,TS0376,0,BD0376,PT0005,LT0004
DK0377,TS0377,0,BD0377,PT0005,LT0004
DK0378,TS0378,0,BD0378,PT0005,LT0004
DK0379,TS0379,0,BD0379,PT0005,LT0004
DK0380,TS0380,0,BD0380,PT0005,LT0004
DK0381,TS0381,0,BD0381,PT0005,LT0004
DK0382,TS0382,0,BD0382,PT0005,LT0004
DK0383,TS0383,0,BD0383,PT0005,LT0004
DK0384,TS0384,0,BD0384,PT0005,LT0004
DK0385,TS0385,0,BD0385,PT0005,LT0004
DK0386,TS0386,0,BD0386,PT0005,LT0004
DK0387,TS0387,0,BD0387,PT0005,LT0004
DK0388,TS0388,0,BD0388,PT0005,LT0004
DK0389,TS0389,0,BD0389,PT0005,LT0004
DK0390,TS0390,0,BD0390,PT0005,LT0004
DK0391,TS0391,0,BD0391,PT0005,LT0004
DK0392,TS0392,0,BD0392,PT0005,LT0004
DK0393,TS0393,0,BD0393,PT0005,LT0004
DK0394,TS0394,0,BD0394,PT0005,LT0004
DK0395,TS0395,0,BD0395,PT0005,LT0004
DK0396,TS0396,0,BD0396,PT0005,LT0004
DK0397,TS0397,0,BD0397,PT0005,LT0004
DK0398,TS0398,0,BD0398,PT0005,LT0004
DK0399,TS0399,0,BD0399,PT0005,LT0004
DK0400,TS0400,0,BD0400,PT0005,LT0004
DK0401,TS0401,0,BD0401,PT0003,LT0005
DK0401,TS0402,0,BD0402,PT0003,LT0005
DK0401,TS0403,0,BD0403,PT0003,LT0005
DK0401,TS0404,0,BD0404,PT0003,LT0005
DK0401,TS0405,0,BD0405,PT0003,LT0005
DK0401,TS0406,0,BD0406,PT0003,LT0005
DK0401,TS0407,0,BD0407,PT0003,LT0005
DK0401,TS0408,0,BD0408,PT0003,LT0005
DK0401,TS0409,0,BD0409,PT0003,LT0005
DK0401,TS0410,0,BD0410,PT0003,LT0005
DK0402,TS0411,0,BD0411,PT0003,LT0005
DK0402,TS0412,0,BD0412,PT0003,LT0005
DK0402,TS0413,0,BD0413,PT0003,LT0005
DK0402,TS0414,0,BD0414,PT0003,LT0005
DK0402,TS0415,0,BD0415,PT0003,LT0005
DK0402,TS0416,0,BD0416,PT0003,LT0005
DK0402,TS0417,0,BD0417,PT0003,LT0005
DK0402,TS0418,0,BD0418,PT0003,LT0005
DK0402,TS0419,0,BD0419,PT0003,LT0005
DK0402,TS0420,0,BD0420,PT0003,LT0005
DK0402,TS0421,0,BD0421,PT0003,LT0005
DK0402,TS0422,0,BD0422,PT0003,LT0005
DK0402,TS0423,0,BD0423,PT0003,LT0005
DK0402,TS0424,0,BD0424,PT0003,LT0005
DK0402,TS0425,0,BD0425,PT0003,LT0005
DK0403,TS0426,0,BD0426,PT0003,LT0005
DK0403,TS0427,0,BD0427,PT0003,LT0005
DK0403,TS0428,0,BD0428,PT0003,LT0005
DK0403,TS0429,0,BD0429,PT0003,LT0005
DK0403,TS0430,0,BD0430,PT0003,LT0005
DK0403,TS0431,0,BD0431,PT0003,LT0005
DK0403,TS0432,0,BD0432,PT0003,LT0005
DK0403,TS0433,0,BD0433,PT0003,LT0005
DK0403,TS0434,0,BD0434,PT0003,LT0005
DK0403,TS0435,0,BD0435,PT0003,LT0005
DK0403,TS0436,0,BD0436,PT0003,LT0005
DK0403,TS0437,0,BD0437,PT0003,LT0005
DK0403,TS0438,0,BD0438,PT0003,LT0005
DK0403,TS0439,0,BD0439,PT0003,LT0005
DK0404,TS0440,0,BD0440,PT0007,LT0005
DK0404,TS0441,0,BD0441,PT0007,LT0005
DK0404,TS0442,0,BD0442,PT0007,LT0005
DK0404,TS0443,0,BD0443,PT0007,LT0005
DK0404,TS0444,0,BD0444,PT0007,LT0005
DK0404,TS0445,0,BD0445,PT0007,LT0005
DK0404,TS0446,0,BD0446,PT0007,LT0005
DK0404,TS0447,0,BD0447,PT0007,LT0005
DK0404,TS0448,0,BD0448,PT0007,LT0005
DK0404,TS0449,0,BD0449,PT0007,LT0005
DK0404,TS0450,0,BD0450,PT0007,LT0005
DK0404,TS0451,0,BD0451,PT0007,LT0005
DK0404,TS0452,0,BD0452,PT0007,LT0005
DK0405,TS0453,0,BD0453,PT0007,LT0005
DK0405,TS0454,0,BD0454,PT0007,LT0005
DK0405,TS0455,0,BD0455,PT0007,LT0005
DK0405,TS0456,0,BD0456,PT0007,LT0005
DK0405,TS0457,0,BD0457,PT0007,LT0005
DK0405,TS0458,0,BD0458,PT0007,LT0005
DK0405,TS0459,0,BD0459,PT0007,LT0005
DK0405,TS0460,0,BD0460,PT0007,LT0005
DK0405,TS0461,0,BD0461,PT0007,LT0005
DK0405,TS0462,0,BD0462,PT0007,LT0005
DK0405,TS0463,0,BD0463,PT0007,LT0005
DK0405,TS0464,0,BD0464,PT0007,LT0005
DK0406,TS0465,0,BD0465,PT0003,LT0005
DK0406,TS0466,0,BD0466,PT0003,LT0005
DK0406,TS0467,0,BD0467,PT0003,LT0005
DK0406,TS0468,0,BD0468,PT0003,LT0005
DK0406,TS0469,0,BD0469,PT0003,LT0005
DK0406,TS0470,0,BD0470,PT0003,LT0005
DK0407,TS0471,0,BD0471,PT0007,LT0005
DK0407,TS0472,0,BD0472,PT0007,LT0005
DK0407,TS0473,0,BD0473,PT0007,LT0005
DK0407,TS0474,0,BD0474,PT0007,LT0005
DK0407,TS0475,0,BD0475,PT0007,LT0005
DK0407,TS0476,0,BD0476,PT0007,LT0005
DK0407,TS0477,0,BD0477,PT0007,LT0005
DK0407,TS0478,0,BD0478,PT0007,LT0005
DK0407,TS0479,0,BD0479,PT0007,LT0005
DK0408,TS0480,0,BD0480,PT0007,LT0005
DK0408,TS0481,0,BD0481,PT0007,LT0005
DK0408,TS0482,0,BD0482,PT0007,LT0005
DK0408,TS0483,0,BD0483,PT0007,LT0005
DK0408,TS0484,0,BD0484,PT0007,LT0005
DK0408,TS0485,0,BD0485,PT0007,LT0005
DK0408,TS0486,0,BD0486,PT0007,LT0005
DK0408,TS0487,0,BD0487,PT0007,LT0005
DK0408,TS0488,0,BD0488,PT0007,LT0005
DK0409,TS0489,0,BD0489,PT0006,LT0006
DK0409,TS0490,0,BD0490,PT0006,LT0006
DK0409,TS0491,0,BD0491,PT0006,LT0006
DK0409,TS0492,0,BD0492,PT0006,LT0006
DK0409,TS0493,0,BD0493,PT0006,LT0006
DK0409,TS0494,0,BD0494,PT0006,LT0006
DK0409,TS0495,0,BD0495,PT0006,LT0006
DK0409,TS0496,0,BD0496,PT0006,LT0006
DK0409,TS0497,0,BD0497,PT0006,LT0006
DK0409,TS0498,0,BD0498,PT0006,LT0006
DK0409,TS0499,0,BD0499,PT0006,LT0006
DK0409,TS0500,0,BD0500,PT0006,LT0006
DK0409,TS0501,0,BD0501,PT0006,LT0006
DK0409,TS0502,0,BD0502,PT0006,LT0006
DK0409,TS0503,0,BD0503,PT0006,LT0006
DK0409,TS0504,0,BD0504,PT0006,LT0006
DK0409,TS0505,0,BD0505,PT0006,LT0006
DK0409,TS0506,0,BD0506,PT0006,LT0006
DK0409,TS0507,0,BD0507,PT0006,LT0006
DK0410,TS0508,0,BD0508,PT0007,LT0005
DK0410,TS0509,0,BD0509,PT0007,LT0005
DK0410,TS0510,0,BD0510,PT0007,LT0005
DK0410,TS0511,0,BD0511,PT0007,LT0005
DK0410,TS0512,0,BD0512,PT0007,LT0005
DK0410,TS0513,0,BD0513,PT0007,LT0005
DK0411,TS0514,0,BD0514,PT0006,LT0006
DK0411,TS0515,0,BD0515,PT0006,LT0006
DK0411,TS0516,0,BD0516,PT0006,LT0006
DK0411,TS0517,0,BD0517,PT0006,LT0006
DK0411,TS0518,0,BD0518,PT0006,LT0006
DK0411,TS0519,0,BD0519,PT0006,LT0006
DK0412,TS0520,0,BD0520,PT0006,LT0006
DK0412,TS0521,0,BD0521,PT0006,LT0006
DK0412,TS0522,0,BD0522,PT0006,LT0006
DK0412,TS0523,0,BD0523,PT0006,LT0006
DK0412,TS0524,0,BD0524,PT0006,LT0006
DK0412,TS0525,0,BD0525,PT0006,LT0006
DK0412,TS0526,0,BD0526,PT0006,LT0006
DK0412,TS0527,0,BD0527,PT0006,LT0006
DK0412,TS0528,0,BD0528,PT0006,LT0006
DK0413,TS0529,0,BD0529,PT0010,LT0007
DK0413,TS0530,0,BD0530,PT0010,LT0007
DK0413,TS0531,0,BD0531,PT0010,LT0007
DK0413,TS0532,0,BD0532,PT0010,LT0007
DK0413,TS0533,0,BD0533,PT0010,LT0007
DK0413,TS0534,0,BD0534,PT0010,LT0007
DK0413,TS0535,0,BD0535,PT0010,LT0007
DK0413,TS0536,0,BD0536,PT0010,LT0007
DK0413,TS0537,0,BD0537,PT0010,LT0007
DK0413,TS0538,0,BD0538,PT0010,LT0007
DK0413,TS0539,0,BD0539,PT0010,LT0007
DK0413,TS0540,0,BD0540,PT0010,LT0007
DK0413,TS0541,0,BD0541,PT0010,LT0007
DK0413,TS0542,0,BD0542,PT0010,LT0007
DK0413,TS0543,0,BD0543,PT0010,LT0007
DK0413,TS0544,0,BD0544,PT0010,LT0007
DK0413,TS0545,0,BD0545,PT0010,LT0007
DK0413,TS0546,0,BD0546,PT0010,LT0007
DK0413,TS0547,0,BD0547,PT0010,LT0007
DK0413,TS0548,0,BD0548,PT0010,LT0007
DK0413,TS0549,0,BD0549,PT0010,LT0007
DK0413,TS0550,0,BD0550,PT0010,LT0007
DK0414,TS0551,0,BD0551,PT0006,LT0006
DK0414,TS0552,0,BD0552,PT0006,LT0006
DK0414,TS0553,0,BD0553,PT0006,LT0006
DK0414,TS0554,0,BD0554,PT0006,LT0006
DK0414,TS0555,0,BD0555,PT0006,LT0006
DK0414,TS0556,0,BD0556,PT0006,LT0006
DK0414,TS0557,0,BD0557,PT0006,LT0006
DK0414,TS0558,0,BD0558,PT0006,LT0006
DK0415,TS0559,0,BD0559,PT0010,LT0007
DK0415,TS0560,0,BD0560,PT0010,LT0007
DK0415,TS0561,0,BD0561,PT0010,LT0007
DK0415,TS0562,0,BD0562,PT0010,LT0007
DK0415,TS0563,0,BD0563,PT0010,LT0007
DK0415,TS0564,0,BD0564,PT0010,LT0007
DK0415,TS0565,0,BD0565,PT0010,LT0007
DK0415,TS0566,0,BD0566,PT0010,LT0007
DK0415,TS0567,0,BD0567,PT0010,LT0007
DK0415,TS0568,0,BD0568,PT0010,LT0007
DK0415,TS0569,0,BD0569,PT0010,LT0007
DK0415,TS0570,0,BD0570,PT0010,LT0007
DK0415,TS0571,0,BD0571,PT0010,LT0007
DK0415,TS0572,0,BD0572,PT0010,LT0007
DK0415,TS0573,0,BD0573,PT0010,LT0007
DK0415,TS0574,0,BD0574,PT0010,LT0007
DK0415,TS0575,0,BD0575,PT0010,LT0007
DK0415,TS0576,0,BD0576,PT0010,LT0007
DK0416,TS0577,0,BD0577,PT0001,LT0007
DK0416,TS0578,0,BD0578,PT0001,LT0007
DK0416,TS0579,0,BD0579,PT0001,LT0007
DK0416,TS0580,0,BD0580,PT0001,LT0007
DK0416,TS0581,0,BD0581,PT0001,LT0007
DK0416,TS0582,0,BD0582,PT0001,LT0007
DK0416,TS0583,0,BD0583,PT0001,LT0007
DK0416,TS0584,0,BD0584,PT0001,LT0007
DK0416,TS0585,0,BD0585,PT0001,LT0007
DK0416,TS0586,0,BD0586,PT0001,LT0007
DK0416,TS0587,0,BD0587,PT0001,LT0007
DK0416,TS0588,0,BD0588,PT0001,LT0007
DK0416,TS0589,0,BD0589,PT0001,LT0007
DK0416,TS0590,0,BD0590,PT0001,LT0007
DK0416,TS0591,0,BD0591,PT0001,LT0007
DK0416,TS0592,0,BD0592,PT0001,LT0007
DK0416,TS0593,0,BD0593,PT0001,LT0007
DK0416,TS0594,0,BD0594,PT0001,LT0007
DK0416,TS0595,0,BD0595,PT0001,LT0007
DK0417,TS0596,0,BD0596,PT0001,LT0007
DK0417,TS0597,0,BD0597,PT0001,LT0007
DK0417,TS0598,0,BD0598,PT0001,LT0007
DK0417,TS0599,0,BD0599,PT0001,LT0007
DK0417,TS0600,0,BD0600,PT0001,LT0007
DK0417,TS0601,0,BD0601,PT0001,LT0007
DK0417,TS0602,0,BD0602,PT0001,LT0007
DK0417,TS0603,0,BD0603,PT0001,LT0007
DK0417,TS0604,0,BD0604,PT0001,LT0007
DK0417,TS0605,0,BD0605,PT0001,LT0007
DK0417,TS0606,0,BD0606,PT0001,LT0007
DK0417,TS0607,0,BD0607,PT0001,LT0007
DK0418,TS0608,0,BD0608,PT0001,LT0007
DK0418,TS0609,0,BD0609,PT0001,LT0007
DK0418,TS0610,0,BD0610,PT0001,LT0007
DK0418,TS0611,0,BD0611,PT0001,LT0007
DK0418,TS0612,0,BD0612,PT0001,LT0007
DK0418,TS0613,0,BD0613,PT0001,LT0007
DK0418,TS0614,0,BD0614,PT0001,LT0007
DK0418,TS0615,0,BD0615,PT0001,LT0007
DK0418,TS0616,0,BD0616,PT0001,LT0007
DK0418,TS0617,0,BD0617,PT0001,LT0007
DK0418,TS0618,0,BD0618,PT0001,LT0007
DK0418,TS0619,0,BD0619,PT0001,LT0007
DK0418,TS0620,0,BD0620,PT0001,LT0007
DK0418,TS0621,0,BD0621,PT0001,LT0007
DK0418,TS0622,0,BD0622,PT0001,LT0007
DK0418,TS0623,0,BD0623,PT0001,LT0007
DK0418,TS0624,0,BD0624,PT0001,LT0007
DK0418,TS0625,0,BD0625,PT0001,LT0007
DK0419,TS0626,0,BD0626,PT0001,LT0008
DK0419,TS0627,0,BD0627,PT0001,LT0008
DK0419,TS0628,0,BD0628,PT0001,LT0008
DK0419,TS0629,0,BD0629,PT0001,LT0008
DK0419,TS0630,0,BD0630,PT0001,LT0008
DK0419,TS0631,0,BD0631,PT0001,LT0008
DK0419,TS0632,0,BD0632,PT0001,LT0008
DK0419,TS0633,0,BD0633,PT0001,LT0008
DK0419,TS0634,0,BD0634,PT0001,LT0008
DK0419,TS0635,0,BD0635,PT0001,LT0008
DK0419,TS0636,0,BD0636,PT0001,LT0008
DK0419,TS0637,0,BD0637,PT0001,LT0008
DK0419,TS0638,0,BD0638,PT0001,LT0008
DK0419,TS0639,0,BD0639,PT0001,LT0008
DK0419,TS0640,0,BD0640,PT0001,LT0008
DK0419,TS0641,0,BD0641,PT0001,LT0008
DK0420,TS0642,0,BD0642,PT0001,LT0008
DK0420,TS0643,0,BD0643,PT0001,LT0008
DK0420,TS0644,0,BD0644,PT0001,LT0008
DK0420,TS0645,0,BD0645,PT0001,LT0008
DK0420,TS0646,0,BD0646,PT0001,LT0008
DK0420,TS0647,0,BD0647,PT0001,LT0008
DK0420,TS0648,0,BD0648,PT0001,LT0008
DK0420,TS0649,0,BD0649,PT0001,LT0008
DK0420,TS0650,0,BD0650,PT0001,LT0008
DK0420,TS0651,0,BD0651,PT0001,LT0008
DK0420,TS0652,0,BD0652,PT0001,LT0008
DK0420,TS0653,0,BD0653,PT0001,LT0008
DK0420,TS0654,0,BD0654,PT0001,LT0008
DK0420,TS0655,0,BD0655,PT0001,LT0008
DK0420,TS0656,0,BD0656,PT0001,LT0008
DK0420,TS0657,0,BD0657,PT0001,LT0008
DK0420,TS0658,0,BD0658,PT0001,LT0008
DK0420,TS0659,0,BD0659,PT0001,LT0008
DK0421,TS0660,0,BD0660,PT0001,LT0008
DK0421,TS0661,0,BD0661,PT0001,LT0008
DK0421,TS0662,0,BD0662,PT0001,LT0008
DK0421,TS0663,0,BD0663,PT0001,LT0008
DK0421,TS0664,0,BD0664,PT0001,LT0008
DK0421,TS0665,0,BD0665,PT0001,LT0008
DK0421,TS0666,0,BD0666,PT0001,LT0008
DK0421,TS0667,0,BD0667,PT0001,LT0008
DK0421,TS0668,0,BD0668,PT0001,LT0008
DK0421,TS0669,0,BD0669,PT0001,LT0008
DK0421,TS0670,0,BD0670,PT0001,LT0008
DK0421,TS0671,0,BD0671,PT0001,LT0008
DK0422,TS0672,0,BD0672,PT0010,LT0009
DK0422,TS0673,0,BD0673,PT0010,LT0009
DK0422,TS0674,0,BD0674,PT0010,LT0009
DK0422,TS0675,0,BD0675,PT0010,LT0009
DK0422,TS0676,0,BD0676,PT0010,LT0009
DK0422,TS0677,0,BD0677,PT0010,LT0009
DK0422,TS0678,0,BD0678,PT0010,LT0009
DK0422,TS0679,0,BD0679,PT0010,LT0009
DK0422,TS0680,0,BD0680,PT0010,LT0009
DK0422,TS0681,0,BD0681,PT0010,LT0009
DK0422,TS0682,0,BD0682,PT0010,LT0009
DK0422,TS0683,0,BD0683,PT0010,LT0009
DK0422,TS0684,0,BD0684,PT0010,LT0009
DK0422,TS0685,0,BD0685,PT0010,LT0009
DK0422,TS0686,0,BD0686,PT0010,LT0009
DK0422,TS0687,0,BD0687,PT0010,LT0009
DK0422,TS0688,0,BD0688,PT0010,LT0009
DK0422,TS0689,0,BD0689,PT0010,LT0009
DK0422,TS0690,0,BD0690,PT0010,LT0009
DK0422,TS0691,0,BD0691,PT0010,LT0009
DK0422,TS0692,0,BD0692,PT0010,LT0009
DK0423,TS0693,0,BD0693,PT0010,LT0009
DK0423,TS0694,0,BD0694,PT0010,LT0009
DK0423,TS0695,0,BD0695,PT0010,LT0009
DK0423,TS0696,0,BD0696,PT0010,LT0009
DK0423,TS0697,0,BD0697,PT0010,LT0009
DK0423,TS0698,0,BD0698,PT0010,LT0009
DK0423,TS0699,0,BD0699,PT0010,LT0009
DK0423,TS0700,0,BD0700,PT0010,LT0009
DK0423,TS0701,0,BD0701,PT0010,LT0009
DK0423,TS0702,0,BD0702,PT0010,LT0009
DK0423,TS0703,0,BD0703,PT0010,LT0009
DK0423,TS0704,0,BD0704,PT0010,LT0009
DK0423,TS0705,0,BD0705,PT0010,LT0009
DK0424,TS0706,0,BD0706,PT0002,LT0009
DK0424,TS0707,0,BD0707,PT0002,LT0009
DK0424,TS0708,0,BD0708,PT0002,LT0009
DK0424,TS0709,0,BD0709,PT0002,LT0009
DK0424,TS0710,0,BD0710,PT0002,LT0009
DK0424,TS0711,0,BD0711,PT0002,LT0009
DK0424,TS0712,0,BD0712,PT0002,LT0009
DK0424,TS0713,0,BD0713,PT0002,LT0009
DK0424,TS0714,0,BD0714,PT0002,LT0009
DK0424,TS0715,0,BD0715,PT0002,LT0009
DK0424,TS0716,0,BD0716,PT0002,LT0009
DK0424,TS0717,0,BD0717,PT0002,LT0009
DK0424,TS0718,0,BD0718,PT0002,LT0009
DK0424,TS0719,0,BD0719,PT0002,LT0009
DK0424,TS0720,0,BD0720,PT0002,LT0009
DK0424,TS0721,0,BD0721,PT0002,LT0009
DK0424,TS0722,0,BD0722,PT0002,LT0009
DK0424,TS0723,0,BD0723,PT0002,LT0009
DK0424,TS0724,0,BD0724,PT0002,LT0009
DK0425,TS0725,0,BD0725,PT0002,LT0009
DK0425,TS0726,0,BD0726,PT0002,LT0009
DK0425,TS0727,0,BD0727,PT0002,LT0009
DK0425,TS0728,0,BD0728,PT0002,LT0009
DK0425,TS0729,0,BD0729,PT0002,LT0009
DK0425,TS0730,0,BD0730,PT0002,LT0009
DK0425,TS0731,0,BD0731,PT0002,LT0009
DK0425,TS0732,0,BD0732,PT0002,LT0009
DK0425,TS0733,0,BD0733,PT0002,LT0009
DK0425,TS0734,0,BD0734,PT0002,LT0009
DK0425,TS0735,0,BD0735,PT0002,LT0009
DK0425,TS0736,0,BD0736,PT0002,LT0009
DK0425,TS0737,0,BD0737,PT0002,LT0009
DK0425,TS0738,0,BD0738,PT0002,LT0009
DK0425,TS0739,0,BD0739,PT0002,LT0009
DK0425,TS0740,0,BD0740,PT0002,LT0009
DK0425,TS0741,0,BD0741,PT0002,LT0009
DK0425,TS0742,0,BD0742,PT0002,LT0009
DK0425,TS0743,0,BD0743,PT0002,LT0009
DK0425,TS0744,0,BD0744,PT0002,LT0009
DK0426,TS0745,0,BD0745,PT0001,LT0009
DK0426,TS0746,0,BD0746,PT0001,LT0009
DK0426,TS0747,0,BD0747,PT0001,LT0009
DK0426,TS0748,0,BD0748,PT0001,LT0009
DK0426,TS0749,0,BD0749,PT0001,LT0009
DK0426,TS0750,0,BD0750,PT0001,LT0009
DK0426,TS0751,0,BD0751,PT0001,LT0009
DK0426,TS0752,0,BD0752,PT0001,LT0009
DK0426,TS0753,0,BD0753,PT0001,LT0009
DK0426,TS0754,0,BD0754,PT0001,LT0009
DK0426,TS0755,0,BD0755,PT0001,LT0009
DK0426,TS0756,0,BD0756,PT0001,LT0009
DK0426,TS0757,0,BD0757,PT0001,LT0009
DK0426,TS0758,0,BD0758,PT0001,LT0009
DK0426,TS0759,0,BD0759,PT0001,LT0009
DK0426,TS0760,0,BD0760,PT0001,LT0009
DK0426,TS0761,0,BD0761,PT0001,LT0009
DK0426,TS0762,0,BD0762,PT0001,LT0009
DK0427,TS0763,0,BD0763,PT0010,LT0007
DK0427,TS0764,0,BD0764,PT0010,LT0007
DK0427,TS0765,0,BD0765,PT0010,LT0007
DK0427,TS0766,0,BD0766,PT0010,LT0007
DK0427,TS0767,0,BD0767,PT0010,LT0007
DK0427,TS0768,0,BD0768,PT0010,LT0007
DK0427,TS0769,0,BD0769,PT0010,LT0007
DK0427,TS0770,0,BD0770,PT0010,LT0007
DK0427,TS0771,0,BD0771,PT0010,LT0007
DK0428,TS0772,0,BD0772,PT0001,LT0009
DK0428,TS0773,0,BD0773,PT0001,LT0009
DK0428,TS0774,0,BD0774,PT0001,LT0009
DK0428,TS0775,0,BD0775,PT0001,LT0009
DK0428,TS0776,0,BD0776,PT0001,LT0009
DK0428,TS0777,0,BD0777,PT0001,LT0009
DK0428,TS0778,0,BD0778,PT0001,LT0009
DK0428,TS0779,0,BD0779,PT0001,LT0009
DK0428,TS0780,0,BD0780,PT0001,LT0009
DK0428,TS0781,0,BD0781,PT0001,LT0009
DK0428,TS0782,0,BD0782,PT0001,LT0009
DK0428,TS0783,0,BD0783,PT0001,LT0009
DK0428,TS0784,0,BD0784,PT0001,LT0009
DK0428,TS0785,0,BD0785,PT0001,LT0009
DK0428,TS0786,0,BD0786,PT0001,LT0009
DK0428,TS0787,0,BD0787,PT0001,LT0009
DK0428,TS0788,0,BD0788,PT0001,LT0009
DK0428,TS0789,0,BD0789,PT0001,LT0009
DK0429,TS0790,0,BD0790,PT0010,LT0009
DK0429,TS0791,0,BD0791,PT0010,LT0009
DK0429,TS0792,0,BD0792,PT0010,LT0009
DK0429,TS0793,0,BD0793,PT0010,LT0009
DK0429,TS0794,0,BD0794,PT0010,LT0009
DK0429,TS0795,0,BD0795,PT0010,LT0009
DK0429,TS0796,0,BD0796,PT0010,LT0009
DK0429,TS0797,0,BD0797,PT0010,LT0009
DK0429,TS0798,0,BD0798,PT0010,LT0009
DK0429,TS0799,0,BD0799,PT0010,LT0009
DK0430,TS0800,0,BD0800,PT0008,LT0009
DK0430,TS0801,0,BD0801,PT0008,LT0009
DK0430,TS0802,0,BD0802,PT0008,LT0009
DK0430,TS0803,0,BD0803,PT0008,LT0009
DK0430,TS0804,0,BD0804,PT0008,LT0009
DK0430,TS0805,0,BD0805,PT0008,LT0009
DK0430,TS0806,0,BD0806,PT0008,LT0009
DK0430,TS0807,0,BD0807,PT0008,LT0009
DK0430,TS0808,0,BD0808,PT0008,LT0009
DK0430,TS0809,0,BD0809,PT0008,LT0009
DK0430,TS0810,0,BD0810,PT0008,LT0009
DK0430,TS0811,0,BD0811,PT0008,LT0009
DK0430,TS0812,0,BD0812,PT0008,LT0009
DK0430,TS0813,0,BD0813,PT0008,LT0009
DK0430,TS0814,0,BD0814,PT0008,LT0009
DK0430,TS0815,0,BD0815,PT0008,LT0009
DK0430,TS0816,0,BD0816,PT0008,LT0009
DK0430,TS0817,0,BD0817,PT0008,LT0009
DK0430,TS0818,0,BD0818,PT0008,LT0009
DK0431,TS0819,0,BD0819,PT0003,LT0005
DK0431,TS0820,0,BD0820,PT0003,LT0005
DK0431,TS0821,0,BD0821,PT0003,LT0005
DK0431,TS0822,0,BD0822,PT0003,LT0005
DK0431,TS0823,0,BD0823,PT0003,LT0005
DK0432,TS0824,0,BD0824,PT0001,LT0009
DK0432,TS0825,0,BD0825,PT0001,LT0009
DK0432,TS0826,0,BD0826,PT0001,LT0009
DK0432,TS0827,0,BD0827,PT0001,LT0009
DK0432,TS0828,0,BD0828,PT0001,LT0009
DK0432,TS0829,0,BD0829,PT0001,LT0009
DK0432,TS0830,0,BD0830,PT0001,LT0009
DK0432,TS0831,0,BD0831,PT0001,LT0009
DK0432,TS0832,0,BD0832,PT0001,LT0009
DK0432,TS0833,0,BD0833,PT0001,LT0009
DK0432,TS0834,0,BD0834,PT0001,LT0009
DK0432,TS0835,0,BD0835,PT0001,LT0009
DK0433,TS0836,0,BD0836,PT0008,LT0009
DK0433,TS0837,0,BD0837,PT0008,LT0009
DK0433,TS0838,0,BD0838,PT0008,LT0009
DK0433,TS0839,0,BD0839,PT0008,LT0009
DK0433,TS0840,0,BD0840,PT0008,LT0009
DK0433,TS0841,0,BD0841,PT0008,LT0009
DK0433,TS0842,0,BD0842,PT0008,LT0009
DK0433,TS0843,0,BD0843,PT0008,LT0009
DK0433,TS0844,0,BD0844,PT0008,LT0009
DK0433,TS0845,0,BD0845,PT0008,LT0009
DK0433,TS0846,0,BD0846,PT0008,LT0009
DK0433,TS0847,0,BD0847,PT0008,LT0009
DK0433,TS0848,0,BD0848,PT0008,LT0009
DK0433,TS0849,0,BD0849,PT0008,LT0009
DK0433,TS0850,0,BD0850,PT0008,LT0009
DK0433,TS0851,0,BD0851,PT0008,LT0009
DK0433,TS0852,0,BD0852,PT0008,LT0009
DK0433,TS0853,0,BD0853,PT0008,LT0009
DK0433,TS0854,0,BD0854,PT0008,LT0009
DK0433,TS0855,0,BD0855,PT0008,LT0009
DK0433,TS0856,0,BD0856,PT0008,LT0009
DK0434,TS0857,0,BD0857,PT0006,LT0006
DK0434,TS0858,0,BD0858,PT0006,LT0006
DK0434,TS0859,0,BD0859,PT0006,LT0006
DK0434,TS0860,0,BD0860,PT0006,LT0006
DK0434,TS0861,0,BD0861,PT0006,LT0006
DK0434,TS0862,0,BD0862,PT0006,LT0006
DK0435,TS0863,0,BD0863,PT0007,LT0010
DK0435,TS0864,0,BD0864,PT0007,LT0010
DK0435,TS0865,0,BD0865,PT0007,LT0010
DK0435,TS0866,0,BD0866,PT0007,LT0010
DK0435,TS0867,0,BD0867,PT0007,LT0010
DK0435,TS0868,0,BD0868,PT0007,LT0010
DK0435,TS0869,0,BD0869,PT0007,LT0010
DK0435,TS0870,0,BD0870,PT0007,LT0010
DK0435,TS0871,0,BD0871,PT0007,LT0010
DK0435,TS0872,0,BD0872,PT0007,LT0010
DK0435,TS0873,0,BD0873,PT0007,LT0010
DK0435,TS0874,0,BD0874,PT0007,LT0010
DK0435,TS0875,0,BD0875,PT0007,LT0010
DK0435,TS0876,0,BD0876,PT0007,LT0010
DK0435,TS0877,0,BD0877,PT0007,LT0010
DK0435,TS0878,0,BD0878,PT0007,LT0010
DK0435,TS0879,0,BD0879,PT0007,LT0010
DK0435,TS0880,0,BD0880,PT0007,LT0010
DK0435,TS0881,0,BD0881,PT0007,LT0010
DK0436,TS0882,0,BD0882,PT0007,LT0010
DK0436,TS0883,0,BD0883,PT0007,LT0010
DK0436,TS0884,0,BD0884,PT0007,LT0010
DK0436,TS0885,0,BD0885,PT0007,LT0010
DK0436,TS0886,0,BD0886,PT0007,LT0010
DK0436,TS0887,0,BD0887,PT0007,LT0010
DK0436,TS0888,0,BD0888,PT0007,LT0010
DK0436,TS0889,0,BD0889,PT0007,LT0010
DK0436,TS0890,0,BD0890,PT0007,LT0010
DK0436,TS0891,0,BD0891,PT0007,LT0010
DK0436,TS0892,0,BD0892,PT0007,LT0010
DK0436,TS0893,0,BD0893,PT0007,LT0010
DK0436,TS0894,0,BD0894,PT0007,LT0010
DK0436,TS0895,0,BD0895,PT0007,LT0010
DK0436,TS0896,0,BD0896,PT0007,LT0010
DK0436,TS0897,0,BD0897,PT0007,LT0010
DK0436,TS0898,0,BD0898,PT0007,LT0010
DK0437,TS0899,0,BD0899,PT0002,LT0009
DK0437,TS0900,0,BD0900,PT0002,LT0009
DK0437,TS0901,0,BD0901,PT0002,LT0009
DK0437,TS0902,0,BD0902,PT0002,LT0009
DK0437,TS0903,0,BD0903,PT0002,LT0009
DK0437,TS0904,0,BD0904,PT0002,LT0009
DK0437,TS0905,0,BD0905,PT0002,LT0009
DK0437,TS0906,0,BD0906,PT0002,LT0009
DK0437,TS0907,0,BD0907,PT0002,LT0009
DK0437,TS0908,0,BD0908,PT0002,LT0009
DK0438,TS0909,0,BD0909,PT0008,LT0010
DK0438,TS0910,0,BD0910,PT0008,LT0010
DK0438,TS0911,0,BD0911,PT0008,LT0010
DK0438,TS0912,0,BD0912,PT0008,LT0010
DK0438,TS0913,0,BD0913,PT0008,LT0010
DK0438,TS0914,0,BD0914,PT0008,LT0010
DK0438,TS0915,0,BD0915,PT0008,LT0010
DK0438,TS0916,0,BD0916,PT0008,LT0010
DK0438,TS0917,0,BD0917,PT0008,LT0010
DK0438,TS0918,0,BD0918,PT0008,LT0010
DK0438,TS0919,0,BD0919,PT0008,LT0010
DK0438,TS0920,0,BD0920,PT0008,LT0010
DK0438,TS0921,0,BD0921,PT0008,LT0010
DK0438,TS0922,0,BD0922,PT0008,LT0010
DK0438,TS0923,0,BD0923,PT0008,LT0010
DK0438,TS0924,0,BD0924,PT0008,LT0010
DK0438,TS0925,0,BD0925,PT0008,LT0010
DK0438,TS0926,0,BD0926,PT0008,LT0010
DK0439,TS0927,0,BD0927,PT0008,LT0009
DK0439,TS0928,0,BD0928,PT0008,LT0009
DK0439,TS0929,0,BD0929,PT0008,LT0009
DK0439,TS0930,0,BD0930,PT0008,LT0009
DK0439,TS0931,0,BD0931,PT0008,LT0009
DK0439,TS0932,0,BD0932,PT0008,LT0009
DK0439,TS0933,0,BD0933,PT0008,LT0009
DK0440,TS0934,0,BD0934,PT0008,LT0010
DK0440,TS0935,0,BD0935,PT0008,LT0010
DK0440,TS0936,0,BD0936,PT0008,LT0010
DK0440,TS0937,0,BD0937,PT0008,LT0010
DK0440,TS0938,0,BD0938,PT0008,LT0010
DK0440,TS0939,0,BD0939,PT0008,LT0010
DK0440,TS0940,0,BD0940,PT0008,LT0010
DK0440,TS0941,0,BD0941,PT0008,LT0010
DK0440,TS0942,0,BD0942,PT0008,LT0010
DK0440,TS0943,0,BD0943,PT0008,LT0010
DK0440,TS0944,0,BD0944,PT0008,LT0010
DK0440,TS0945,0,BD0945,PT0008,LT0010
DK0440,TS0946,0,BD0946,PT0008,LT0010
DK0440,TS0947,0,BD0947,PT0008,LT0010
DK0440,TS0948,0,BD0948,PT0008,LT0010
DK0440,TS0949,0,BD0949,PT0008,LT0010
DK0440,TS0950,0,BD0950,PT0008,LT0010
DK0440,TS0951,0,BD0951,PT0008,LT0010
DK0440,TS0952,0,BD0952,PT0008,LT0010
DK0440,TS0953,0,BD0953,PT0008,LT0010
DK0440,TS0954,0,BD0954,PT0008,LT0010
DK0440,TS0955,0,BD0955,PT0008,LT0010
DK0441,TS0956,0,BD0956,PT0010,LT0009
DK0441,TS0957,0,BD0957,PT0010,LT0009
DK0441,TS0958,0,BD0958,PT0010,LT0009
DK0441,TS0959,0,BD0959,PT0010,LT0009
DK0441,TS0960,0,BD0960,PT0010,LT0009
DK0441,TS0961,0,BD0961,PT0010,LT0009
DK0442,TS0962,0,BD0962,PT0009,LT0011
DK0442,TS0963,0,BD0963,PT0009,LT0011
DK0442,TS0964,0,BD0964,PT0009,LT0011
DK0442,TS0965,0,BD0965,PT0009,LT0011
DK0442,TS0966,0,BD0966,PT0009,LT0011
DK0442,TS0967,0,BD0967,PT0009,LT0011
DK0442,TS0968,0,BD0968,PT0009,LT0011
DK0442,TS0969,0,BD0969,PT0009,LT0011
DK0442,TS0970,0,BD0970,PT0009,LT0011
DK0442,TS0971,0,BD0971,PT0009,LT0011
DK0442,TS0972,0,BD0972,PT0009,LT0011
DK0442,TS0973,0,BD0973,PT0009,LT0011
DK0442,TS0974,0,BD0974,PT0009,LT0011
DK0442,TS0975,0,BD0975,PT0009,LT0011
DK0442,TS0976,0,BD0976,PT0009,LT0011
DK0442,TS0977,0,BD0977,PT0009,LT0011
DK0442,TS0978,0,BD0978,PT0009,LT0011
DK0442,TS0979,0,BD0979,PT0009,LT0011
DK0442,TS0980,0,BD0980,PT0009,LT0011
DK0443,TS0981,0,BD0981,PT0009,LT0011
DK0443,TS0982,0,BD0982,PT0009,LT0011
DK0443,TS0983,0,BD0983,PT0009,LT0011
DK0443,TS0984,0,BD0984,PT0009,LT0011
DK0443,TS0985,0,BD0985,PT0009,LT0011
DK0443,TS0986,0,BD0986,PT0009,LT0011
DK0443,TS0987,0,BD0987,PT0009,LT0011
DK0443,TS0988,0,BD0988,PT0009,LT0011
DK0443,TS0989,0,BD0989,PT0009,LT0011
DK0443,TS0990,0,BD0990,PT0009,LT0011
DK0443,TS0991,0,BD0991,PT0009,LT0011
DK0443,TS0992,0,BD0992,PT0009,LT0011
DK0443,TS0993,0,BD0993,PT0009,LT0011
DK0443,TS0994,0,BD0994,PT0009,LT0011
DK0443,TS0995,0,BD0995,PT0009,LT0011
DK0443,TS0996,0,BD0996,PT0009,LT0011
DK0443,TS0997,0,BD0997,PT0009,LT0011
DK0443,TS0998,0,BD0998,PT0009,LT0011
DK0444,TS0999,0,BD0999,PT0006,LT0011
DK0444,TS1000,0,BD1000,PT0006,LT0011
DK0444,TS1001,0,BD1001,PT0006,LT0011
DK0444,TS1002,0,BD1002,PT0006,LT0011
DK0444,TS1003,0,BD1003,PT0006,LT0011
DK0444,TS1004,0,BD1004,PT0006,LT0011
DK0444,TS1005,0,BD1005,PT0006,LT0011
DK0444,TS1006,0,BD1006,PT0006,LT0011
DK0444,TS1007,0,BD1007,PT0006,LT0011
DK0444,TS1008,0,BD1008,PT0006,LT0011
DK0444,TS1009,0,BD1009,PT0006,LT0011
DK0444,TS1010,0,BD1010,PT0006,LT0011
DK0444,TS1011,0,BD1011,PT0006,LT0011
DK0444,TS1012,0,BD1012,PT0006,LT0011
DK0444,TS1013,0,BD1013,PT0006,LT0011
DK0444,TS1014,0,BD1014,PT0006,LT0011
DK0444,TS1015,0,BD1015,PT0006,LT0011
DK0444,TS1016,0,BD1016,PT0006,LT0011
DK0444,TS1017,0,BD1017,PT0006,LT0011
DK0444,TS1018,0,BD1018,PT0006,LT0011
DK0444,TS1019,0,BD1019,PT0006,LT0011
DK0444,TS1020,0,BD1020,PT0006,LT0011
DK0445,TS1021,0,BD1021,PT0006,LT0011
DK0445,TS1022,0,BD1022,PT0006,LT0011
DK0445,TS1023,0,BD1023,PT0006,LT0011
DK0445,TS1024,0,BD1024,PT0006,LT0011
DK0445,TS1025,0,BD1025,PT0006,LT0011
DK0445,TS1026,0,BD1026,PT0006,LT0011
DK0445,TS1027,0,BD1027,PT0006,LT0011
DK0445,TS1028,0,BD1028,PT0006,LT0011
DK0445,TS1029,0,BD1029,PT0006,LT0011
DK0445,TS1030,0,BD1030,PT0006,LT0011
DK0445,TS1031,0,BD1031,PT0006,LT0011
DK0445,TS1032,0,BD1032,PT0006,LT0011
DK0445,TS1033,0,BD1033,PT0006,LT0011
DK0445,TS1034,0,BD1034,PT0006,LT0011
DK0445,TS1035,0,BD1035,PT0006,LT0011
DK0445,TS1036,0,BD1036,PT0006,LT0011
DK0445,TS1037,0,BD1037,PT0006,LT0011
DK0445,TS1038,0,BD1038,PT0006,LT0011
DK0445,TS1039,0,BD1039,PT0006,LT0011
DK0445,TS1040,0,BD1040,PT0006,LT0011
DK0446,TS1041,0,BD1041,PT0003,LT0012
DK0446,TS1042,0,BD1042,PT0003,LT0012
DK0446,TS1043,0,BD1043,PT0003,LT0012
DK0446,TS1044,0,BD1044,PT0003,LT0012
DK0446,TS1045,0,BD1045,PT0003,LT0012
DK0446,TS1046,0,BD1046,PT0003,LT0012
DK0446,TS1047,0,BD1047,PT0003,LT0012
DK0446,TS1048,0,BD1048,PT0003,LT0012
DK0446,TS1049,0,BD1049,PT0003,LT0012
DK0446,TS1050,0,BD1050,PT0003,LT0012
DK0446,TS1051,0,BD1051,PT0003,LT0012
DK0446,TS1052,0,BD1052,PT0003,LT0012
DK0446,TS1053,0,BD1053,PT0003,LT0012
DK0446,TS1054,0,BD1054,PT0003,LT0012
DK0446,TS1055,0,BD1055,PT0003,LT0012
DK0446,TS1056,0,BD1056,PT0003,LT0012
DK0446,TS1057,0,BD1057,PT0003,LT0012
DK0446,TS1058,0,BD1058,PT0003,LT0012
DK0447,TS1059,0,BD1059,PT0003,LT0012
DK0447,TS1060,0,BD1060,PT0003,LT0012
DK0447,TS1061,0,BD1061,PT0003,LT0012
DK0447,TS1062,0,BD1062,PT0003,LT0012
DK0447,TS1063,0,BD1063,PT0003,LT0012
DK0447,TS1064,0,BD1064,PT0003,LT0012
DK0447,TS1065,0,BD1065,PT0003,LT0012
DK0447,TS1066,0,BD1066,PT0003,LT0012
DK0447,TS1067,0,BD1067,PT0003,LT0012
DK0447,TS1068,0,BD1068,PT0003,LT0012
DK0447,TS1069,0,BD1069,PT0003,LT0012
DK0447,TS1070,0,BD1070,PT0003,LT0012
DK0447,TS1071,0,BD1071,PT0003,LT0012
DK0447,TS1072,0,BD1072,PT0003,LT0012
DK0447,TS1073,0,BD1073,PT0003,LT0012
DK0447,TS1074,0,BD1074,PT0003,LT0012
DK0448,TS1075,0,BD1075,PT0007,LT0012
DK0448,TS1076,0,BD1076,PT0007,LT0012
DK0448,TS1077,0,BD1077,PT0007,LT0012
DK0448,TS1078,0,BD1078,PT0007,LT0012
DK0448,TS1079,0,BD1079,PT0007,LT0012
DK0448,TS1080,0,BD1080,PT0007,LT0012
DK0448,TS1081,0,BD1081,PT0007,LT0012
DK0448,TS1082,0,BD1082,PT0007,LT0012
DK0448,TS1083,0,BD1083,PT0007,LT0012
DK0448,TS1084,0,BD1084,PT0007,LT0012
DK0448,TS1085,0,BD1085,PT0007,LT0012
DK0448,TS1086,0,BD1086,PT0007,LT0012
DK0448,TS1087,0,BD1087,PT0007,LT0012
DK0448,TS1088,0,BD1088,PT0007,LT0012
DK0448,TS1089,0,BD1089,PT0007,LT0012
DK0448,TS1090,0,BD1090,PT0007,LT0012
DK0448,TS1091,0,BD1091,PT0007,LT0012
DK0448,TS1092,0,BD1092,PT0007,LT0012
DK0448,TS1093,0,BD1093,PT0007,LT0012
DK0449,TS1094,0,BD1094,PT0007,LT0010
DK0449,TS1095,0,BD1095,PT0007,LT0010
DK0449,TS1096,0,BD1096,PT0007,LT0010
DK0449,TS1097,0,BD1097,PT0007,LT0010
DK0449,TS1098,0,BD1098,PT0007,LT0010
DK0449,TS1099,0,BD1099,PT0007,LT0010
DK0449,TS1100,0,BD1100,PT0007,LT0010
DK0449,TS1101,0,BD1101,PT0007,LT0010
DK0449,TS1102,0,BD1102,PT0007,LT0010
DK0449,TS1103,0,BD1103,PT0007,LT0010
DK0449,TS1104,0,BD1104,PT0007,LT0010
DK0449,TS1105,0,BD1105,PT0007,LT0010
DK0449,TS1106,0,BD1106,PT0007,LT0010
DK0449,TS1107,0,BD1107,PT0007,LT0010
DK0450,TS1108,0,BD1108,PT0003,LT0012
DK0450,TS1109,0,BD1109,PT0003,LT0012
DK0450,TS1110,0,BD1110,PT0003,LT0012
DK0450,TS1111,0,BD1111,PT0003,LT0012
DK0450,TS1112,0,BD1112,PT0003,LT0012
DK0450,TS1113,0,BD1113,PT0003,LT0012
DK0450,TS1114,0,BD1114,PT0003,LT0012
DK0450,TS1115,0,BD1115,PT0003,LT0012
DK0450,TS1116,0,BD1116,PT0003,LT0012
DK0450,TS1117,0,BD1117,PT0003,LT0012
DK0450,TS1118,0,BD1118,PT0003,LT0012
DK0450,TS1119,0,BD1119,PT0003,LT0012
DK0450,TS1120,0,BD1120,PT0003,LT0012
DK0450,TS1121,0,BD1121,PT0003,LT0012
DK0450,TS1122,0,BD1122,PT0003,LT0012
DK0451,TS1123,0,BD1123,PT0009,LT0011
DK0451,TS1124,0,BD1124,PT0009,LT0011
DK0451,TS1125,0,BD1125,PT0009,LT0011
DK0451,TS1126,0,BD1126,PT0009,LT0011
DK0451,TS1127,0,BD1127,PT0009,LT0011
DK0451,TS1128,0,BD1128,PT0009,LT0011
DK0451,TS1129,0,BD1129,PT0009,LT0011
DK0451,TS1130,0,BD1130,PT0009,LT0011
DK0451,TS1131,0,BD1131,PT0009,LT0011
DK0451,TS1132,0,BD1132,PT0009,LT0011
DK0451,TS1133,0,BD1133,PT0009,LT0011
DK0451,TS1134,0,BD1134,PT0009,LT0011
DK0451,TS1135,0,BD1135,PT0009,LT0011
DK0452,TS1136,0,BD1136,PT0007,LT0012
DK0452,TS1137,0,BD1137,PT0007,LT0012
DK0452,TS1138,0,BD1138,PT0007,LT0012
DK0452,TS1139,0,BD1139,PT0007,LT0012
DK0452,TS1140,0,BD1140,PT0007,LT0012
DK0452,TS1141,0,BD1141,PT0007,LT0012
DK0452,TS1142,0,BD1142,PT0007,LT0012
DK0452,TS1143,0,BD1143,PT0007,LT0012
DK0452,TS1144,0,BD1144,PT0007,LT0012
DK0452,TS1145,0,BD1145,PT0007,LT0012
DK0452,TS1146,0,BD1146,PT0007,LT0012
DK0452,TS1147,0,BD1147,PT0007,LT0012
DK0452,TS1148,0,BD1148,PT0007,LT0012
DK0452,TS1149,0,BD1149,PT0007,LT0012
DK0452,TS1150,0,BD1150,PT0007,LT0012
DK0452,TS1151,0,BD1151,PT0007,LT0012
DK0452,TS1152,0,BD1152,PT0007,LT0012
DK0452,TS1153,0,BD1153,PT0007,LT0012
DK0452,TS1154,0,BD1154,PT0007,LT0012
DK0452,TS1155,0,BD1155,PT0007,LT0012
DK0453,TS1156,0,BD1156,PT0008,LT0010
DK0453,TS1157,0,BD1157,PT0008,LT0010
DK0453,TS1158,0,BD1158,PT0008,LT0010
DK0453,TS1159,0,BD1159,PT0008,LT0010
DK0453,TS1160,0,BD1160,PT0008,LT0010
DK0453,TS1161,0,BD1161,PT0008,LT0010
DK0453,TS1162,0,BD1162,PT0008,LT0010
DK0454,TS1163,0,BD1163,PT0006,LT0011
DK0454,TS1164,0,BD1164,PT0006,LT0011
DK0454,TS1165,0,BD1165,PT0006,LT0011
DK0454,TS1166,0,BD1166,PT0006,LT0011
DK0454,TS1167,0,BD1167,PT0006,LT0011
DK0454,TS1168,0,BD1168,PT0006,LT0011
DK0455,TS1169,0,BD1169,PT0008,LT0012
DK0455,TS1170,0,BD1170,PT0008,LT0012
DK0455,TS1171,0,BD1171,PT0008,LT0012
DK0455,TS1172,0,BD1172,PT0008,LT0012
DK0455,TS1173,0,BD1173,PT0008,LT0012
DK0455,TS1174,0,BD1174,PT0008,LT0012
DK0455,TS1175,0,BD1175,PT0008,LT0012
DK0455,TS1176,0,BD1176,PT0008,LT0012
DK0455,TS1177,0,BD1177,PT0008,LT0012
DK0455,TS1178,0,BD1178,PT0008,LT0012
DK0455,TS1179,0,BD1179,PT0008,LT0012
DK0455,TS1180,0,BD1180,PT0008,LT0012
DK0455,TS1181,0,BD1181,PT0008,LT0012
DK0455,TS1182,0,BD1182,PT0008,LT0012
DK0455,TS1183,0,BD1183,PT0008,LT0012
DK0455,TS1184,0,BD1184,PT0008,LT0012
DK0455,TS1185,0,BD1185,PT0008,LT0012
DK0455,TS1186,0,BD1186,PT0008,LT0012
DK0456,TS1187,0,BD1187,PT0008,LT0012
DK0456,TS1188,0,BD1188,PT0008,LT0012
DK0456,TS1189,0,BD1189,PT0008,LT0012
DK0456,TS1190,0,BD1190,PT0008,LT0012
DK0456,TS1191,0,BD1191,PT0008,LT0012
DK0456,TS1192,0,BD1192,PT0008,LT0012
DK0456,TS1193,0,BD1193,PT0008,LT0012
DK0456,TS1194,0,BD1194,PT0008,LT0012
DK0456,TS1195,0,BD1195,PT0008,LT0012
DK0456,TS1196,0,BD1196,PT0008,LT0012
DK0456,TS1197,0,BD1197,PT0008,LT0012
DK0456,TS1198,0,BD1198,PT0008,LT0012
DK0456,TS1199,0,BD1199,PT0008,LT0012
DK0456,TS1200,0,BD1200,PT0008,LT0012
DK0456,TS1201,0,BD1201,PT0008,LT0012
DK0456,TS1202,0,BD1202,PT0008,LT0012
DK0456,TS1203,0,BD1203,PT0008,LT0012
DK0456,TS1204,0,BD1204,PT0008,LT0012
DK0456,TS1205,0,BD1205,PT0008,LT0012
DK0456,TS1206,0,BD1206,PT0008,LT0012
DK0456,TS1207,0,BD1207,PT0008,LT0012
DK0456,TS1208,0,BD1208,PT0008,LT0012
DK0457,TS1209,0,BD1209,PT0006,LT0012
DK0457,TS1210,0,BD1210,PT0006,LT0012
DK0457,TS1211,0,BD1211,PT0006,LT0012
DK0457,TS1212,0,BD1212,PT0006,LT0012
DK0457,TS1213,0,BD1213,PT0006,LT0012
DK0457,TS1214,0,BD1214,PT0006,LT0012
DK0457,TS1215,0,BD1215,PT0006,LT0012
DK0457,TS1216,0,BD1216,PT0006,LT0012
DK0457,TS1217,0,BD1217,PT0006,LT0012
DK0457,TS1218,0,BD1218,PT0006,LT0012
DK0457,TS1219,0,BD1219,PT0006,LT0012
DK0457,TS1220,0,BD1220,PT0006,LT0012
DK0457,TS1221,0,BD1221,PT0006,LT0012
DK0457,TS1222,0,BD1222,PT0006,LT0012
DK0458,TS1223,0,BD1223,PT0006,LT0012
DK0458,TS1224,0,BD1224,PT0006,LT0012
DK0458,TS1225,0,BD1225,PT0006,LT0012
DK0458,TS1226,0,BD1226,PT0006,LT0012
DK0458,TS1227,0,BD1227,PT0006,LT0012
DK0458,TS1228,0,BD1228,PT0006,LT0012
DK0458,TS1229,0,BD1229,PT0006,LT0012
DK0458,TS1230,0,BD1230,PT0006,LT0012
DK0458,TS1231,0,BD1231,PT0006,LT0012
DK0458,TS1232,0,BD1232,PT0006,LT0012
DK0458,TS1233,0,BD1233,PT0006,LT0012
DK0458,TS1234,0,BD1234,PT0006,LT0012
DK0458,TS1235,0,BD1235,PT0006,LT0012
DK0459,TS1236,0,BD1236,PT0007,LT0012
DK0459,TS1237,0,BD1237,PT0007,LT0012
DK0459,TS1238,0,BD1238,PT0007,LT0012
DK0459,TS1239,0,BD1239,PT0007,LT0012
DK0459,TS1240,0,BD1240,PT0007,LT0012
DK0459,TS1241,0,BD1241,PT0007,LT0012
DK0459,TS1242,0,BD1242,PT0007,LT0012
DK0460,TS1243,0,BD1243,PT0006,LT0012
DK0460,TS1244,0,BD1244,PT0006,LT0012
DK0460,TS1245,0,BD1245,PT0006,LT0012
DK0460,TS1246,0,BD1246,PT0006,LT0012
DK0460,TS1247,0,BD1247,PT0006,LT0012
DK0460,TS1248,0,BD1248,PT0006,LT0012
DK0460,TS1249,0,BD1249,PT0006,LT0012
DK0460,TS1250,0,BD1250,PT0006,LT0012
DK0460,TS1251,0,BD1251,PT0006,LT0012
DK0460,TS1252,0,BD1252,PT0006,LT0012
DK0460,TS1253,0,BD1253,PT0006,LT0012
DK0460,TS1254,0,BD1254,PT0006,LT0012
DK0460,TS1255,0,BD1255,PT0006,LT0012
DK0461,TS1256,0,BD1256,PT0007,LT0013
DK0461,TS1257,0,BD1257,PT0007,LT0013
DK0461,TS1258,0,BD1258,PT0007,LT0013
DK0461,TS1259,0,BD1259,PT0007,LT0013
DK0461,TS1260,0,BD1260,PT0007,LT0013
DK0461,TS1261,0,BD1261,PT0007,LT0013
DK0461,TS1262,0,BD1262,PT0007,LT0013
DK0461,TS1263,0,BD1263,PT0007,LT0013
DK0461,TS1264,0,BD1264,PT0007,LT0013
DK0461,TS1265,0,BD1265,PT0007,LT0013
DK0461,TS1266,0,BD1266,PT0007,LT0013
DK0461,TS1267,0,BD1267,PT0007,LT0013
DK0461,TS1268,0,BD1268,PT0007,LT0013
DK0461,TS1269,0,BD1269,PT0007,LT0013
DK0461,TS1270,0,BD1270,PT0007,LT0013
DK0461,TS1271,0,BD1271,PT0007,LT0013
DK0461,TS1272,0,BD1272,PT0007,LT0013
DK0462,TS1273,0,BD1273,PT0008,LT0012
DK0462,TS1274,0,BD1274,PT0008,LT0012
DK0462,TS1275,0,BD1275,PT0008,LT0012
DK0462,TS1276,0,BD1276,PT0008,LT0012
DK0462,TS1277,0,BD1277,PT0008,LT0012
DK0462,TS1278,0,BD1278,PT0008,LT0012
DK0463,TS1279,0,BD1279,PT0007,LT0013
DK0463,TS1280,0,BD1280,PT0007,LT0013
DK0463,TS1281,0,BD1281,PT0007,LT0013
DK0463,TS1282,0,BD1282,PT0007,LT0013
DK0463,TS1283,0,BD1283,PT0007,LT0013
DK0463,TS1284,0,BD1284,PT0007,LT0013
DK0463,TS1285,0,BD1285,PT0007,LT0013
DK0463,TS1286,0,BD1286,PT0007,LT0013
DK0463,TS1287,0,BD1287,PT0007,LT0013
DK0463,TS1288,0,BD1288,PT0007,LT0013
DK0463,TS1289,0,BD1289,PT0007,LT0013
DK0463,TS1290,0,BD1290,PT0007,LT0013
DK0463,TS1291,0,BD1291,PT0007,LT0013
DK0463,TS1292,0,BD1292,PT0007,LT0013
DK0463,TS1293,0,BD1293,PT0007,LT0013
DK0463,TS1294,0,BD1294,PT0007,LT0013
DK0463,TS1295,0,BD1295,PT0007,LT0013
DK0463,TS1296,0,BD1296,PT0007,LT0013
DK0463,TS1297,0,BD1297,PT0007,LT0013
DK0463,TS1298,0,BD1298,PT0007,LT0013
DK0464,TS1299,0,BD1299,PT0006,LT0012
DK0464,TS1300,0,BD1300,PT0006,LT0012
DK0464,TS1301,0,BD1301,PT0006,LT0012
DK0464,TS1302,0,BD1302,PT0006,LT0012
DK0464,TS1303,0,BD1303,PT0006,LT0012
DK0464,TS1304,0,BD1304,PT0006,LT0012
DK0464,TS1305,0,BD1305,PT0006,LT0012
DK0464,TS1306,0,BD1306,PT0006,LT0012
DK0465,TS1307,0,BD1307,PT0007,LT0013
DK0465,TS1308,0,BD1308,PT0007,LT0013
DK0465,TS1309,0,BD1309,PT0007,LT0013
DK0465,TS1310,0,BD1310,PT0007,LT0013
DK0465,TS1311,0,BD1311,PT0007,LT0013
DK0465,TS1312,0,BD1312,PT0007,LT0013
DK0465,TS1313,0,BD1313,PT0007,LT0013
DK0465,TS1314,0,BD1314,PT0007,LT0013
DK0465,TS1315,0,BD1315,PT0007,LT0013
DK0465,TS1316,0,BD1316,PT0007,LT0013
DK0466,TS1317,0,BD1317,PT0008,LT0013
DK0466,TS1318,0,BD1318,PT0008,LT0013
DK0466,TS1319,0,BD1319,PT0008,LT0013
DK0466,TS1320,0,BD1320,PT0008,LT0013
DK0466,TS1321,0,BD1321,PT0008,LT0013
DK0466,TS1322,0,BD1322,PT0008,LT0013
DK0466,TS1323,0,BD1323,PT0008,LT0013
DK0466,TS1324,0,BD1324,PT0008,LT0013
DK0466,TS1325,0,BD1325,PT0008,LT0013
DK0466,TS1326,0,BD1326,PT0008,LT0013
DK0466,TS1327,0,BD1327,PT0008,LT0013
DK0466,TS1328,0,BD1328,PT0008,LT0013
DK0467,TS1329,0,BD1329,PT0008,LT0013
DK0467,TS1330,0,BD1330,PT0008,LT0013
DK0467,TS1331,0,BD1331,PT0008,LT0013
DK0467,TS1332,0,BD1332,PT0008,LT0013
DK0467,TS1333,0,BD1333,PT0008,LT0013
DK0467,TS1334,0,BD1334,PT0008,LT0013
DK0467,TS1335,0,BD1335,PT0008,LT0013
DK0467,TS1336,0,BD1336,PT0008,LT0013
DK0467,TS1337,0,BD1337,PT0008,LT0013
DK0467,TS1338,0,BD1338,PT0008,LT0013
DK0467,TS1339,0,BD1339,PT0008,LT0013
DK0467,TS1340,0,BD1340,PT0008,LT0013
DK0467,TS1341,0,BD1341,PT0008,LT0013
DK0467,TS1342,0,BD1342,PT0008,LT0013
DK0467,TS1343,0,BD1343,PT0008,LT0013
DK0467,TS1344,0,BD1344,PT0008,LT0013
DK0467,TS1345,0,BD1345,PT0008,LT0013
DK0467,TS1346,0,BD1346,PT0008,LT0013
DK0467,TS1347,0,BD1347,PT0008,LT0013
DK0468,TS1348,0,BD1348,PT0008,LT0013
DK0468,TS1349,0,BD1349,PT0008,LT0013
DK0468,TS1350,0,BD1350,PT0008,LT0013
DK0468,TS1351,0,BD1351,PT0008,LT0013
DK0468,TS1352,0,BD1352,PT0008,LT0013
DK0468,TS1353,0,BD1353,PT0008,LT0013
DK0468,TS1354,0,BD1354,PT0008,LT0013
DK0468,TS1355,0,BD1355,PT0008,LT0013
DK0468,TS1356,0,BD1356,PT0008,LT0013
DK0468,TS1357,0,BD1357,PT0008,LT0013
DK0468,TS1358,0,BD1358,PT0008,LT0013
DK0468,TS1359,0,BD1359,PT0008,LT0013
DK0468,TS1360,0,BD1360,PT0008,LT0013
DK0468,TS1361,0,BD1361,PT0008,LT0013
DK0468,TS1362,0,BD1362,PT0008,LT0013
DK0469,TS1363,0,BD1363,PT0009,LT0014
DK0469,TS1364,0,BD1364,PT0009,LT0014
DK0469,TS1365,0,BD1365,PT0009,LT0014
DK0469,TS1366,0,BD1366,PT0009,LT0014
DK0469,TS1367,0,BD1367,PT0009,LT0014
DK0469,TS1368,0,BD1368,PT0009,LT0014
DK0469,TS1369,0,BD1369,PT0009,LT0014
DK0469,TS1370,0,BD1370,PT0009,LT0014
DK0469,TS1371,0,BD1371,PT0009,LT0014
DK0469,TS1372,0,BD1372,PT0009,LT0014
DK0469,TS1373,0,BD1373,PT0009,LT0014
DK0469,TS1374,0,BD1374,PT0009,LT0014
DK0469,TS1375,0,BD1375,PT0009,LT0014
DK0469,TS1376,0,BD1376,PT0009,LT0014
DK0470,TS1377,0,BD1377,PT0009,LT0014
DK0470,TS1378,0,BD1378,PT0009,LT0014
DK0470,TS1379,0,BD1379,PT0009,LT0014
DK0470,TS1380,0,BD1380,PT0009,LT0014
DK0470,TS1381,0,BD1381,PT0009,LT0014
DK0470,TS1382,0,BD1382,PT0009,LT0014
DK0470,TS1383,0,BD1383,PT0009,LT0014
DK0470,TS1384,0,BD1384,PT0009,LT0014
DK0471,TS1385,0,BD1385,PT0009,LT0014
DK0471,TS1386,0,BD1386,PT0009,LT0014
DK0471,TS1387,0,BD1387,PT0009,LT0014
DK0471,TS1388,0,BD1388,PT0009,LT0014
DK0471,TS1389,0,BD1389,PT0009,LT0014
DK0471,TS1390,0,BD1390,PT0009,LT0014
DK0471,TS1391,0,BD1391,PT0009,LT0014
DK0471,TS1392,0,BD1392,PT0009,LT0014
DK0471,TS1393,0,BD1393,PT0009,LT0014
DK0471,TS1394,0,BD1394,PT0009,LT0014
DK0472,TS1395,0,BD1395,PT0010,LT0014
DK0472,TS1396,0,BD1396,PT0010,LT0014
DK0472,TS1397,0,BD1397,PT0010,LT0014
DK0472,TS1398,0,BD1398,PT0010,LT0014
DK0472,TS1399,0,BD1399,PT0010,LT0014
DK0472,TS1400,0,BD1400,PT0010,LT0014
DK0472,TS1401,0,BD1401,PT0010,LT0014
DK0472,TS1402,0,BD1402,PT0010,LT0014
DK0472,TS1403,0,BD1403,PT0010,LT0014
DK0472,TS1404,0,BD1404,PT0010,LT0014
DK0472,TS1405,0,BD1405,PT0010,LT0014
DK0472,TS1406,0,BD1406,PT0010,LT0014
DK0472,TS1407,0,BD1407,PT0010,LT0014
DK0472,TS1408,0,BD1408,PT0010,LT0014
DK0472,TS1409,0,BD1409,PT0010,LT0014
DK0472,TS1410,0,BD1410,PT0010,LT0014
DK0472,TS1411,0,BD1411,PT0010,LT0014
DK0472,TS1412,0,BD1412,PT0010,LT0014
DK0472,TS1413,0,BD1413,PT0010,LT0014
DK0472,TS1414,0,BD1414,PT0010,LT0014
DK0472,TS1415,0,BD1415,PT0010,LT0014
DK0472,TS1416,0,BD1416,PT0010,LT0014
DK0473,TS1417,0,BD1417,PT0009,LT0014
DK0473,TS1418,0,BD1418,PT0009,LT0014
DK0473,TS1419,0,BD1419,PT0009,LT0014
DK0473,TS1420,0,BD1420,PT0009,LT0014
DK0473,TS1421,0,BD1421,PT0009,LT0014
DK0473,TS1422,0,BD1422,PT0009,LT0014
DK0473,TS1423,0,BD1423,PT0009,LT0014
DK0473,TS1424,0,BD1424,PT0009,LT0014
DK0473,TS1425,0,BD1425,PT0009,LT0014
DK0473,TS1426,0,BD1426,PT0009,LT0014
DK0473,TS1427,0,BD1427,PT0009,LT0014
DK0474,TS1428,0,BD1428,PT0009,LT0014
DK0474,TS1429,0,BD1429,PT0009,LT0014
DK0474,TS1430,0,BD1430,PT0009,LT0014
DK0474,TS1431,0,BD1431,PT0009,LT0014
DK0474,TS1432,0,BD1432,PT0009,LT0014
DK0474,TS1433,0,BD1433,PT0009,LT0014
DK0474,TS1434,0,BD1434,PT0009,LT0014
DK0475,TS1435,0,BD1435,PT0010,LT0014
DK0475,TS1436,0,BD1436,PT0010,LT0014
DK0475,TS1437,0,BD1437,PT0010,LT0014
DK0475,TS1438,0,BD1438,PT0010,LT0014
DK0475,TS1439,0,BD1439,PT0010,LT0014
DK0475,TS1440,0,BD1440,PT0010,LT0014
DK0475,TS1441,0,BD1441,PT0010,LT0014
DK0476,TS1442,0,BD1442,PT0010,LT0014
DK0476,TS1443,0,BD1443,PT0010,LT0014
DK0476,TS1444,0,BD1444,PT0010,LT0014
DK0476,TS1445,0,BD1445,PT0010,LT0014
DK0476,TS1446,0,BD1446,PT0010,LT0014
DK0476,TS1447,0,BD1447,PT0010,LT0014
DK0476,TS1448,0,BD1448,PT0010,LT0014
DK0476,TS1449,0,BD1449,PT0010,LT0014
DK0476,TS1450,0,BD1450,PT0010,LT0014
DK0476,TS1451,0,BD1451,PT0010,LT0014
DK0476,TS1452,0,BD1452,PT0010,LT0014
DK0476,TS1453,0,BD1453,PT0010,LT0014
DK0476,TS1454,0,BD1454,PT0010,LT0014
DK0476,TS1455,0,BD1455,PT0010,LT0014
DK0476,TS1456,0,BD1456,PT0010,LT0014
DK0476,TS1457,0,BD1457,PT0010,LT0014
DK0476,TS1458,0,BD1458,PT0010,LT0014
DK0476,TS1459,0,BD1459,PT0010,LT0014
DK0476,TS1460,0,BD1460,PT0010,LT0014
DK0476,TS1461,0,BD1461,PT0010,LT0014
DK0476,TS1462,0,BD1462,PT0010,LT0014
DK0477,TS1463,0,BD1463,PT0006,LT0015
DK0477,TS1464,0,BD1464,PT0006,LT0015
DK0477,TS1465,0,BD1465,PT0006,LT0015
DK0477,TS1466,0,BD1466,PT0006,LT0015
DK0477,TS1467,0,BD1467,PT0006,LT0015
DK0477,TS1468,0,BD1468,PT0006,LT0015
DK0477,TS1469,0,BD1469,PT0006,LT0015
DK0477,TS1470,0,BD1470,PT0006,LT0015
DK0477,TS1471,0,BD1471,PT0006,LT0015
DK0477,TS1472,0,BD1472,PT0006,LT0015
DK0477,TS1473,0,BD1473,PT0006,LT0015
DK0477,TS1474,0,BD1474,PT0006,LT0015
DK0477,TS1475,0,BD1475,PT0006,LT0015
DK0477,TS1476,0,BD1476,PT0006,LT0015
DK0477,TS1477,0,BD1477,PT0006,LT0015
DK0477,TS1478,0,BD1478,PT0006,LT0015
DK0477,TS1479,0,BD1479,PT0006,LT0015
DK0478,TS1480,0,BD1480,PT0006,LT0015
DK0478,TS1481,0,BD1481,PT0006,LT0015
DK0478,TS1482,0,BD1482,PT0006,LT0015
DK0478,TS1483,0,BD1483,PT0006,LT0015
DK0478,TS1484,0,BD1484,PT0006,LT0015
DK0478,TS1485,0,BD1485,PT0006,LT0015
DK0478,TS1486,0,BD1486,PT0006,LT0015
DK0479,TS1487,0,BD1487,PT0006,LT0015
DK0479,TS1488,0,BD1488,PT0006,LT0015
DK0479,TS1489,0,BD1489,PT0006,LT0015
DK0479,TS1490,0,BD1490,PT0006,LT0015
DK0479,TS1491,0,BD1491,PT0006,LT0015
DK0479,TS1492,0,BD1492,PT0006,LT0015
DK0479,TS1493,0,BD1493,PT0006,LT0015
DK0480,TS1494,0,BD1494,PT0002,LT0016
DK0480,TS1495,0,BD1495,PT0002,LT0016
DK0480,TS1496,0,BD1496,PT0002,LT0016
DK0480,TS1497,0,BD1497,PT0002,LT0016
DK0480,TS1498,0,BD1498,PT0002,LT0016
DK0480,TS1499,0,BD1499,PT0002,LT0016
DK0480,TS1500,0,BD1500,PT0002,LT0016
DK0480,TS1501,0,BD1501,PT0002,LT0016
DK0480,TS1502,0,BD1502,PT0002,LT0016
DK0480,TS1503,0,BD1503,PT0002,LT0016
DK0480,TS1504,0,BD1504,PT0002,LT0016
DK0480,TS1505,0,BD1505,PT0002,LT0016
DK0480,TS1506,0,BD1506,PT0002,LT0016
DK0480,TS1507,0,BD1507,PT0002,LT0016
DK0480,TS1508,0,BD1508,PT0002,LT0016
DK0480,TS1509,0,BD1509,PT0002,LT0016
DK0480,TS1510,0,BD1510,PT0002,LT0016
DK0480,TS1511,0,BD1511,PT0002,LT0016
DK0480,TS1512,0,BD1512,PT0002,LT0016
DK0480,TS1513,0,BD1513,PT0002,LT0016
DK0480,TS1514,0,BD1514,PT0002,LT0016
DK0480,TS1515,0,BD1515,PT0002,LT0016
DK0481,TS1516,0,BD1516,PT0006,LT0015
DK0481,TS1517,0,BD1517,PT0006,LT0015
DK0481,TS1518,0,BD1518,PT0006,LT0015
DK0481,TS1519,0,BD1519,PT0006,LT0015
DK0481,TS1520,0,BD1520,PT0006,LT0015
DK0481,TS1521,0,BD1521,PT0006,LT0015
DK0481,TS1522,0,BD1522,PT0006,LT0015
DK0481,TS1523,0,BD1523,PT0006,LT0015
DK0481,TS1524,0,BD1524,PT0006,LT0015
DK0481,TS1525,0,BD1525,PT0006,LT0015
DK0481,TS1526,0,BD1526,PT0006,LT0015
DK0481,TS1527,0,BD1527,PT0006,LT0015
DK0481,TS1528,0,BD1528,PT0006,LT0015
DK0481,TS1529,0,BD1529,PT0006,LT0015
DK0481,TS1530,0,BD1530,PT0006,LT0015
DK0481,TS1531,0,BD1531,PT0006,LT0015
DK0481,TS1532,0,BD1532,PT0006,LT0015
DK0481,TS1533,0,BD1533,PT0006,LT0015
DK0481,TS1534,0,BD1534,PT0006,LT0015
DK0482,TS1535,0,BD1535,PT0002,LT0016
DK0482,TS1536,0,BD1536,PT0002,LT0016
DK0482,TS1537,0,BD1537,PT0002,LT0016
DK0482,TS1538,0,BD1538,PT0002,LT0016
DK0482,TS1539,0,BD1539,PT0002,LT0016
DK0482,TS1540,0,BD1540,PT0002,LT0016
DK0482,TS1541,0,BD1541,PT0002,LT0016
DK0482,TS1542,0,BD1542,PT0002,LT0016
DK0482,TS1543,0,BD1543,PT0002,LT0016
DK0482,TS1544,0,BD1544,PT0002,LT0016
DK0482,TS1545,0,BD1545,PT0002,LT0016
DK0482,TS1546,0,BD1546,PT0002,LT0016
DK0482,TS1547,0,BD1547,PT0002,LT0016
DK0482,TS1548,0,BD1548,PT0002,LT0016
DK0482,TS1549,0,BD1549,PT0002,LT0016
DK0483,TS1550,0,BD1550,PT0002,LT0016
DK0483,TS1551,0,BD1551,PT0002,LT0016
DK0483,TS1552,0,BD1552,PT0002,LT0016
DK0483,TS1553,0,BD1553,PT0002,LT0016
DK0483,TS1554,0,BD1554,PT0002,LT0016
DK0483,TS1555,0,BD1555,PT0002,LT0016
DK0483,TS1556,0,BD1556,PT0002,LT0016
DK0483,TS1557,0,BD1557,PT0002,LT0016
DK0484,TS1558,0,BD1558,PT0008,LT0016
DK0484,TS1559,0,BD1559,PT0008,LT0016
DK0484,TS1560,0,BD1560,PT0008,LT0016
DK0484,TS1561,0,BD1561,PT0008,LT0016
DK0484,TS1562,0,BD1562,PT0008,LT0016
DK0484,TS1563,0,BD1563,PT0008,LT0016
DK0484,TS1564,0,BD1564,PT0008,LT0016
DK0484,TS1565,0,BD1565,PT0008,LT0016
DK0484,TS1566,0,BD1566,PT0008,LT0016
DK0484,TS1567,0,BD1567,PT0008,LT0016
DK0484,TS1568,0,BD1568,PT0008,LT0016
DK0484,TS1569,0,BD1569,PT0008,LT0016
DK0484,TS1570,0,BD1570,PT0008,LT0016
DK0484,TS1571,0,BD1571,PT0008,LT0016
DK0484,TS1572,0,BD1572,PT0008,LT0016
DK0484,TS1573,0,BD1573,PT0008,LT0016
DK0484,TS1574,0,BD1574,PT0008,LT0016
DK0484,TS1575,0,BD1575,PT0008,LT0016
DK0484,TS1576,0,BD1576,PT0008,LT0016
DK0485,TS1577,0,BD1577,PT0008,LT0016
DK0485,TS1578,0,BD1578,PT0008,LT0016
DK0485,TS1579,0,BD1579,PT0008,LT0016
DK0485,TS1580,0,BD1580,PT0008,LT0016
DK0485,TS1581,0,BD1581,PT0008,LT0016
DK0485,TS1582,0,BD1582,PT0008,LT0016
DK0485,TS1583,0,BD1583,PT0008,LT0016
DK0485,TS1584,0,BD1584,PT0008,LT0016
DK0485,TS1585,0,BD1585,PT0008,LT0016
DK0485,TS1586,0,BD1586,PT0008,LT0016
DK0485,TS1587,0,BD1587,PT0008,LT0016
DK0485,TS1588,0,BD1588,PT0008,LT0016
DK0485,TS1589,0,BD1589,PT0008,LT0016
DK0485,TS1590,0,BD1590,PT0008,LT0016
DK0485,TS1591,0,BD1591,PT0008,LT0016
DK0485,TS1592,0,BD1592,PT0008,LT0016
DK0485,TS1593,0,BD1593,PT0008,LT0016
DK0485,TS1594,0,BD1594,PT0008,LT0016
DK0485,TS1595,0,BD1595,PT0008,LT0016
DK0485,TS1596,0,BD1596,PT0008,LT0016
DK0485,TS1597,0,BD1597,PT0008,LT0016
DK0485,TS1598,0,BD1598,PT0008,LT0016
DK0486,TS1599,0,BD1599,PT0008,LT0016
DK0486,TS1600,0,BD1600,PT0008,LT0016
DK0486,TS1601,0,BD1601,PT0008,LT0016
DK0486,TS1602,0,BD1602,PT0008,LT0016
DK0486,TS1603,0,BD1603,PT0008,LT0016
DK0486,TS1604,0,BD1604,PT0008,LT0016
DK0487,TS1605,0,BD1605,PT0004,LT0016
DK0487,TS1606,0,BD1606,PT0004,LT0016
DK0487,TS1607,0,BD1607,PT0004,LT0016
DK0487,TS1608,0,BD1608,PT0004,LT0016
DK0487,TS1609,0,BD1609,PT0004,LT0016
DK0487,TS1610,0,BD1610,PT0004,LT0016
DK0487,TS1611,0,BD1611,PT0004,LT0016
DK0487,TS1612,0,BD1612,PT0004,LT0016
DK0487,TS1613,0,BD1613,PT0004,LT0016
DK0487,TS1614,0,BD1614,PT0004,LT0016
DK0487,TS1615,0,BD1615,PT0004,LT0016
DK0487,TS1616,0,BD1616,PT0004,LT0016
DK0487,TS1617,0,BD1617,PT0004,LT0016
DK0487,TS1618,0,BD1618,PT0004,LT0016
DK0487,TS1619,0,BD1619,PT0004,LT0016
DK0487,TS1620,0,BD1620,PT0004,LT0016
DK0487,TS1621,0,BD1621,PT0004,LT0016
DK0487,TS1622,0,BD1622,PT0004,LT0016
DK0488,TS1623,0,BD1623,PT0004,LT0016
DK0488,TS1624,0,BD1624,PT0004,LT0016
DK0488,TS1625,0,BD1625,PT0004,LT0016
DK0488,TS1626,0,BD1626,PT0004,LT0016
DK0488,TS1627,0,BD1627,PT0004,LT0016
DK0488,TS1628,0,BD1628,PT0004,LT0016
DK0488,TS1629,0,BD1629,PT0004,LT0016
DK0488,TS1630,0,BD1630,PT0004,LT0016
DK0488,TS1631,0,BD1631,PT0004,LT0016
DK0488,TS1632,0,BD1632,PT0004,LT0016
DK0488,TS1633,0,BD1633,PT0004,LT0016
DK0488,TS1634,0,BD1634,PT0004,LT0016
DK0488,TS1635,0,BD1635,PT0004,LT0016
DK0488,TS1636,0,BD1636,PT0004,LT0016
DK0489,TS1637,0,BD1637,PT0004,LT0016
DK0489,TS1638,0,BD1638,PT0004,LT0016
DK0489,TS1639,0,BD1639,PT0004,LT0016
DK0489,TS1640,0,BD1640,PT0004,LT0016
DK0489,TS1641,0,BD1641,PT0004,LT0016
DK0489,TS1642,0,BD1642,PT0004,LT0016
DK0489,TS1643,0,BD1643,PT0004,LT0016
DK0490,TS1644,0,BD1644,PT0007,LT0016
DK0490,TS1645,0,BD1645,PT0007,LT0016
DK0490,TS1646,0,BD1646,PT0007,LT0016
DK0490,TS1647,0,BD1647,PT0007,LT0016
DK0490,TS1648,0,BD1648,PT0007,LT0016
DK0490,TS1649,0,BD1649,PT0007,LT0016
DK0490,TS1650,0,BD1650,PT0007,LT0016
DK0490,TS1651,0,BD1651,PT0007,LT0016
DK0490,TS1652,0,BD1652,PT0007,LT0016
DK0490,TS1653,0,BD1653,PT0007,LT0016
DK0490,TS1654,0,BD1654,PT0007,LT0016
DK0490,TS1655,0,BD1655,PT0007,LT0016
DK0490,TS1656,0,BD1656,PT0007,LT0016
DK0490,TS1657,0,BD1657,PT0007,LT0016
DK0490,TS1658,0,BD1658,PT0007,LT0016
DK0490,TS1659,0,BD1659,PT0007,LT0016
DK0490,TS1660,0,BD1660,PT0007,LT0016
DK0491,TS1661,0,BD1661,PT0004,LT0016
DK0491,TS1662,0,BD1662,PT0004,LT0016
DK0491,TS1663,0,BD1663,PT0004,LT0016
DK0491,TS1664,0,BD1664,PT0004,LT0016
DK0491,TS1665,0,BD1665,PT0004,LT0016
DK0491,TS1666,0,BD1666,PT0004,LT0016
DK0491,TS1667,0,BD1667,PT0004,LT0016
DK0491,TS1668,0,BD1668,PT0004,LT0016
DK0492,TS1669,0,BD1669,PT0007,LT0016
DK0492,TS1670,0,BD1670,PT0007,LT0016
DK0492,TS1671,0,BD1671,PT0007,LT0016
DK0492,TS1672,0,BD1672,PT0007,LT0016
DK0492,TS1673,0,BD1673,PT0007,LT0016
DK0492,TS1674,0,BD1674,PT0007,LT0016
DK0492,TS1675,0,BD1675,PT0007,LT0016
DK0492,TS1676,0,BD1676,PT0007,LT0016
DK0492,TS1677,0,BD1677,PT0007,LT0016
DK0492,TS1678,0,BD1678,PT0007,LT0016
DK0492,TS1679,0,BD1679,PT0007,LT0016
DK0492,TS1680,0,BD1680,PT0007,LT0016
DK0492,TS1681,0,BD1681,PT0007,LT0016
DK0492,TS1682,0,BD1682,PT0007,LT0016
DK0492,TS1683,0,BD1683,PT0007,LT0016
DK0492,TS1684,0,BD1684,PT0007,LT0016
DK0492,TS1685,0,BD1685,PT0007,LT0016
DK0492,TS1686,0,BD1686,PT0007,LT0016
DK0492,TS1687,0,BD1687,PT0007,LT0016
DK0492,TS1688,0,BD1688,PT0007,LT0016
DK0492,TS1689,0,BD1689,PT0007,LT0016
DK0492,TS1690,0,BD1690,PT0007,LT0016
DK0493,TS1691,0,BD1691,PT0001,LT0017
DK0493,TS1692,0,BD1692,PT0001,LT0017
DK0493,TS1693,0,BD1693,PT0001,LT0017
DK0493,TS1694,0,BD1694,PT0001,LT0017
DK0493,TS1695,0,BD1695,PT0001,LT0017
DK0493,TS1696,0,BD1696,PT0001,LT0017
DK0493,TS1697,0,BD1697,PT0001,LT0017
DK0493,TS1698,0,BD1698,PT0001,LT0017
DK0493,TS1699,0,BD1699,PT0001,LT0017
DK0493,TS1700,0,BD1700,PT0001,LT0017
DK0493,TS1701,0,BD1701,PT0001,LT0017
DK0493,TS1702,0,BD1702,PT0001,LT0017
DK0493,TS1703,0,BD1703,PT0001,LT0017
DK0493,TS1704,0,BD1704,PT0001,LT0017
DK0493,TS1705,0,BD1705,PT0001,LT0017
DK0493,TS1706,0,BD1706,PT0001,LT0017
DK0493,TS1707,0,BD1707,PT0001,LT0017
DK0493,TS1708,0,BD1708,PT0001,LT0017
DK0493,TS1709,0,BD1709,PT0001,LT0017
DK0493,TS1710,0,BD1710,PT0001,LT0017
DK0493,TS1711,0,BD1711,PT0001,LT0017
DK0493,TS1712,0,BD1712,PT0001,LT0017
DK0494,TS1713,0,BD1713,PT0001,LT0017
DK0494,TS1714,0,BD1714,PT0001,LT0017
DK0494,TS1715,0,BD1715,PT0001,LT0017
DK0494,TS1716,0,BD1716,PT0001,LT0017
DK0494,TS1717,0,BD1717,PT0001,LT0017
DK0494,TS1718,0,BD1718,PT0001,LT0017
DK0494,TS1719,0,BD1719,PT0001,LT0017
DK0494,TS1720,0,BD1720,PT0001,LT0017
DK0494,TS1721,0,BD1721,PT0001,LT0017
DK0494,TS1722,0,BD1722,PT0001,LT0017
DK0494,TS1723,0,BD1723,PT0001,LT0017
DK0494,TS1724,0,BD1724,PT0001,LT0017
DK0494,TS1725,0,BD1725,PT0001,LT0017
DK0494,TS1726,0,BD1726,PT0001,LT0017
DK0494,TS1727,0,BD1727,PT0001,LT0017
DK0494,TS1728,0,BD1728,PT0001,LT0017
DK0494,TS1729,0,BD1729,PT0001,LT0017
DK0494,TS1730,0,BD1730,PT0001,LT0017
DK0494,TS1731,0,BD1731,PT0001,LT0017
DK0495,TS1732,0,BD1732,PT0005,LT0018
DK0495,TS1733,0,BD1733,PT0005,LT0018
DK0495,TS1734,0,BD1734,PT0005,LT0018
DK0495,TS1735,0,BD1735,PT0005,LT0018
DK0495,TS1736,0,BD1736,PT0005,LT0018
DK0495,TS1737,0,BD1737,PT0005,LT0018
DK0495,TS1738,0,BD1738,PT0005,LT0018
DK0495,TS1739,0,BD1739,PT0005,LT0018
DK0495,TS1740,0,BD1740,PT0005,LT0018
DK0495,TS1741,0,BD1741,PT0005,LT0018
DK0495,TS1742,0,BD1742,PT0005,LT0018
DK0495,TS1743,0,BD1743,PT0005,LT0018
DK0495,TS1744,0,BD1744,PT0005,LT0018
DK0495,TS1745,0,BD1745,PT0005,LT0018
DK0495,TS1746,0,BD1746,PT0005,LT0018
DK0495,TS1747,0,BD1747,PT0005,LT0018
DK0495,TS1748,0,BD1748,PT0005,LT0018
DK0495,TS1749,0,BD1749,PT0005,LT0018
DK0495,TS1750,0,BD1750,PT0005,LT0018
DK0495,TS1751,0,BD1751,PT0005,LT0018
DK0495,TS1752,0,BD1752,PT0005,LT0018
DK0495,TS1753,0,BD1753,PT0005,LT0018
DK0496,TS1754,0,BD1754,PT0005,LT0018
DK0496,TS1755,0,BD1755,PT0005,LT0018
DK0496,TS1756,0,BD1756,PT0005,LT0018
DK0496,TS1757,0,BD1757,PT0005,LT0018
DK0496,TS1758,0,BD1758,PT0005,LT0018
DK0496,TS1759,0,BD1759,PT0005,LT0018
DK0496,TS1760,0,BD1760,PT0005,LT0018
DK0496,TS1761,0,BD1761,PT0005,LT0018
DK0496,TS1762,0,BD1762,PT0005,LT0018
DK0496,TS1763,0,BD1763,PT0005,LT0018
DK0496,TS1764,0,BD1764,PT0005,LT0018
DK0496,TS1765,0,BD1765,PT0005,LT0018
DK0496,TS1766,0,BD1766,PT0005,LT0018
DK0496,TS1767,0,BD1767,PT0005,LT0018
DK0497,TS1768,0,BD1768,PT0005,LT0018
DK0497,TS1769,0,BD1769,PT0005,LT0018
DK0497,TS1770,0,BD1770,PT0005,LT0018
DK0497,TS1771,0,BD1771,PT0005,LT0018
DK0497,TS1772,0,BD1772,PT0005,LT0018
DK0497,TS1773,0,BD1773,PT0005,LT0018
DK0497,TS1774,0,BD1774,PT0005,LT0018
DK0497,TS1775,0,BD1775,PT0005,LT0018
DK0497,TS1776,0,BD1776,PT0005,LT0018
DK0497,TS1777,0,BD1777,PT0005,LT0018
DK0497,TS1778,0,BD1778,PT0005,LT0018
DK0497,TS1779,0,BD1779,PT0005,LT0018
DK0497,TS1780,0,BD1780,PT0005,LT0018
DK0498,TS1781,0,BD1781,PT0007,LT0016
DK0498,TS1782,0,BD1782,PT0007,LT0016
DK0498,TS1783,0,BD1783,PT0007,LT0016
DK0498,TS1784,0,BD1784,PT0007,LT0016
DK0498,TS1785,0,BD1785,PT0007,LT0016
DK0498,TS1786,0,BD1786,PT0007,LT0016
DK0498,TS1787,0,BD1787,PT0007,LT0016
DK0498,TS1788,0,BD1788,PT0007,LT0016
DK0499,TS1789,0,BD1789,PT0009,LT0019
DK0499,TS1790,0,BD1790,PT0009,LT0019
DK0499,TS1791,0,BD1791,PT0009,LT0019
DK0499,TS1792,0,BD1792,PT0009,LT0019
DK0499,TS1793,0,BD1793,PT0009,LT0019
DK0499,TS1794,0,BD1794,PT0009,LT0019
DK0499,TS1795,0,BD1795,PT0009,LT0019
DK0499,TS1796,0,BD1796,PT0009,LT0019
DK0499,TS1797,0,BD1797,PT0009,LT0019
DK0499,TS1798,0,BD1798,PT0009,LT0019
DK0499,TS1799,0,BD1799,PT0009,LT0019
DK0499,TS1800,0,BD1800,PT0009,LT0019
DK0499,TS1801,0,BD1801,PT0009,LT0019
DK0499,TS1802,0,BD1802,PT0009,LT0019
DK0499,TS1803,0,BD1803,PT0009,LT0019
DK0499,TS1804,0,BD1804,PT0009,LT0019
DK0499,TS1805,0,BD1805,PT0009,LT0019
DK0499,TS1806,0,BD1806,PT0009,LT0019
DK0499,TS1807,0,BD1807,PT0009,LT0019
DK0499,TS1808,0,BD1808,PT0009,LT0019
DK0499,TS1809,0,BD1809,PT0009,LT0019
DK0499,TS1810,0,BD1810,PT0009,LT0019
DK0500,TS1811,0,BD1811,PT0009,LT0019
DK0500,TS1812,0,BD1812,PT0009,LT0019
DK0500,TS1813,0,BD1813,PT0009,LT0019
DK0500,TS1814,0,BD1814,PT0009,LT0019
DK0500,TS1815,0,BD1815,PT0009,LT0019
DK0500,TS1816,0,BD1816,PT0009,LT0019
DK0500,TS1817,0,BD1817,PT0009,LT0019
DK0500,TS1818,0,BD1818,PT0009,LT0019
DK0500,TS1819,0,BD1819,PT0009,LT0019
DK0500,TS1820,0,BD1820,PT0009,LT0019
DK0500,TS1821,0,BD1821,PT0009,LT0019
DK0500,TS1822,0,BD1822,PT0009,LT0019
